id,first_name,last_name,email,gender,ip_address,credit_card
1,Traver,Scroyton,tscroyton0@cocolog-nifty.com,Male,177.133.118.224,5241458602717439
2,Salem,Byatt,sbyatt1@tinypic.com,Male,138.233.100.74,376936969983148
3,Daphene,Tissiman,dtissiman2@networkadvertising.org,Female,65.127.16.42,4041379314849341
4,Ellen,Costelloe,ecostelloe3@sfgate.com,Female,204.57.129.188,5100177542550672
5,Conway,Nijs,cnijs4@earthlink.net,Male,116.244.248.133,345323337641385
6,Lila,Wrotchford,lwrotchford5@mozilla.org,Female,133.186.123.172,5108758068691222
7,Keri,Selcraig,kselcraig6@google.ca,Female,138.158.63.117,4017959222332
8,Korrie,Frome,kfrome7@feedburner.com,Female,250.231.93.33,5399412451098797
9,Jessika,Style,jstyle8@cmu.edu,Female,237.126.41.206,4041373191824
10,Ragnar,Lydster,rlydster9@alexa.com,Male,92.41.205.147,5566717263868758
11,Marj,Beardmore,mbeardmorea@addtoany.com,Female,219.72.103.131,374288986348810
12,Donovan,Gowry,dgowryb@quantcast.com,Male,13.100.183.81,4041596323271452
13,Raddy,Keysel,rkeyselc@theguardian.com,Male,19.177.143.136,5459993810089004
14,Katlin,Bemand,kbemandd@surveymonkey.com,Female,131.161.97.159,374283647885920
15,Rolph,Handrok,rhandroke@answers.com,Male,228.163.85.84,372301605969445
16,Jehanna,Ornillos,jornillosf@ebay.co.uk,Female,98.219.216.122,374288265334952
17,Caril,Gawkes,cgawkesg@slate.com,Female,167.40.229.114,5048374080042221
18,Murray,McDonnell,mmcdonnellh@spotify.com,Male,149.243.22.62,4819845359811065
19,Shani,Fountian,sfountiani@surveymonkey.com,Female,233.47.254.205,5501799572672582
20,Jeno,Boom,jboomj@dot.gov,Male,115.44.229.102,5100172933378668
21,Jodie,Vicker,jvickerk@exblog.jp,Male,32.52.84.113,5557799814436427
22,Ralf,Kindley,rkindleyl@nhs.uk,Male,38.171.197.175,5344336423283292
23,Valencia,Heaffey,vheaffeym@state.gov,Female,238.9.156.174,5100176445051564
24,Evangelin,Aymerich,eaymerichn@de.vu,Female,184.56.123.98,374283241967207
25,Bellanca,Brass,bbrasso@github.com,Female,98.136.178.89,4350888628519908
26,Bald,Kardos,bkardosp@china.com.cn,Male,181.7.73.35,4041376989554
27,Dex,Batchelor,dbatchelorq@google.pl,Male,254.212.205.138,4017956232965372
28,Lorettalorna,Schouthede,lschoutheder@yellowbook.com,Female,49.33.57.102,347771586294157
29,Wylma,Sharvill,wsharvills@about.me,Agender,80.241.210.77,4041595963711
30,Rutherford,Davern,rdavernt@blog.com,Male,131.56.71.76,5108750486474273
31,Sloan,Frodsam,sfrodsamu@bbc.co.uk,Male,81.249.206.202,4041373674498
32,Sarge,Tindley,stindleyv@sbwire.com,Male,181.135.14.186,4041596588319
33,Gerrard,Darben,gdarbenw@tinyurl.com,Male,214.155.117.188,4041372681611600
34,Donnajean,Breeds,dbreedsx@is.gd,Female,114.140.148.168,374622692045627
35,Cameron,Aleksandrikin,caleksandrikiny@cnn.com,Male,6.6.30.205,5108755967356113
36,Yvonne,Batey,ybateyz@youtube.com,Female,108.63.47.65,4041378866651
37,Courtenay,Guihen,cguihen10@myspace.com,Female,73.138.227.92,345331629206916
38,Dynah,MacSweeney,dmacsweeney11@hp.com,Female,129.178.214.17,374288090868190
39,Gwen,O'Reilly,goreilly12@msu.edu,Female,4.185.9.124,374602480358663
40,Roze,Bucktrout,rbucktrout13@cyberchimps.com,Female,204.42.201.184,379345586403265
41,Claudette,Facchini,cfacchini14@printfriendly.com,Female,8.134.26.180,345553193399633
42,Prince,Jeeves,pjeeves15@oracle.com,Male,192.58.94.195,4041599023940590
43,Portie,Cornock,pcornock16@who.int,Male,127.218.27.19,4017956713671
44,Bernard,Foyster,bfoyster17@about.com,Male,227.133.86.35,374283704491828
45,Maximilian,McMurraya,mmcmurraya18@so-net.ne.jp,Male,137.112.214.12,374283250468568
46,Brendon,Shrimpton,bshrimpton19@yale.edu,Male,7.29.181.220,4017950345950959
47,Derwin,McNeely,dmcneely1a@hao123.com,Genderfluid,166.157.142.195,4610122787931399
48,Cori,Pawelczyk,cpawelczyk1b@kickstarter.com,Male,123.33.2.3,5100138294418906
49,Tanya,Pinnion,tpinnion1c@etsy.com,Female,71.36.21.81,4017955303651390
50,Emmalynne,Curro,ecurro1d@wsj.com,Female,70.191.0.111,5119961875700700
51,Arabel,Pfeuffer,apfeuffer1e@marketwatch.com,Female,227.91.108.3,374283111764361
52,Andreana,Prozescky,aprozescky1f@ezinearticles.com,Female,12.16.135.169,374288683177603
53,Garrot,Buntain,gbuntain1g@arstechnica.com,Male,238.34.245.42,374622385153670
54,Delaney,Gunton,dgunton1h@altervista.org,Male,151.132.244.127,4017953284754135
55,Griz,Hessentaler,ghessentaler1i@guardian.co.uk,Male,218.67.42.93,5100130968481658
56,Remington,Corradetti,rcorradetti1j@google.pl,Male,8.72.40.179,5002353120173554
57,Corinne,Alonso,calonso1k@ameblo.jp,Non-binary,129.69.3.137,372301073623748
58,Brita,Vigrass,bvigrass1l@bloomberg.com,Female,147.31.86.110,340216386222146
59,Jaquenetta,Bagley,jbagley1m@usda.gov,Female,0.191.14.217,4765694620314671
60,Franciskus,Hoppner,fhoppner1n@cyberchimps.com,Male,130.185.158.9,374283330789298
61,Lorrie,Woodcraft,lwoodcraft1o@sfgate.com,Female,145.125.132.55,5138321285456087
62,Dino,Wadeling,dwadeling1p@behance.net,Male,210.91.4.191,5100133724234106
63,Fraser,Rathmell,frathmell1q@squidoo.com,Male,59.209.74.133,4525115346007820
64,Pincas,Gobeaux,pgobeaux1r@ucoz.com,Male,153.5.251.203,5002358349892025
65,Rickie,Glazebrook,rglazebrook1s@indiatimes.com,Male,233.149.153.44,4547863543195880
66,Ulrich,Weldon,uweldon1t@linkedin.com,Male,229.75.207.8,5010126518892534
67,Christiano,Cantwell,ccantwell1u@usa.gov,Male,210.132.200.224,4320486102303019
68,Allene,Massingham,amassingham1v@wikispaces.com,Female,248.48.178.219,5108756160252562
69,Dru,Ca,dca1w@gravatar.com,Female,132.100.207.242,5553605205395482
70,Trumann,Ege,tege1x@1und1.de,Male,123.212.206.150,372301846802835
71,Carmelia,Lorenc,clorenc1y@live.com,Female,84.242.50.55,5362565765148716
72,Norma,Clail,nclail1z@cyberchimps.com,Female,197.57.100.140,374622008259862
73,Lorita,O' Faherty,lofaherty20@nationalgeographic.com,Genderqueer,196.193.64.130,4041590832545357
74,Isadora,Lockhart,ilockhart21@digg.com,Female,128.242.46.17,372301467701522
75,Jeana,Sapey,jsapey22@state.tx.us,Female,85.64.113.129,4041378232031123
76,Catina,Immer,cimmer23@youku.com,Female,59.3.225.37,343279670668504
77,Jayson,Ivanchin,jivanchin24@reuters.com,Male,26.12.124.84,4041590771720029
78,Angy,Shuttlewood,ashuttlewood25@va.gov,Female,202.213.237.58,374791901225104
79,Edgard,Lavarack,elavarack26@people.com.cn,Male,26.160.158.222,4041375414738731
80,Erie,Bodemeaid,ebodemeaid27@slashdot.org,Male,127.125.83.222,374622785927780
81,Aldin,Popland,apopland28@rakuten.co.jp,Male,107.179.6.87,5100141161012513
82,Val,Dumbreck,vdumbreck29@abc.net.au,Male,189.2.26.147,374288065102807
83,Oliver,Heustace,oheustace2a@clickbank.net,Male,71.158.159.56,4017958773429214
84,Kurt,Mayler,kmayler2b@webs.com,Male,47.187.219.219,372301044492538
85,Dennison,Tween,dtween2c@people.com.cn,Male,235.178.28.145,371392240123333
86,Michel,Pescod,mpescod2d@ihg.com,Non-binary,239.122.235.16,5100143491972796
87,Gary,Eglese,geglese2e@nps.gov,Male,131.179.152.155,4041372563734
88,Isiahi,Lawrenz,ilawrenz2f@t.co,Polygender,208.68.140.3,5137534052441691
89,Lane,Mould,lmould2g@purevolume.com,Male,57.109.44.209,4039056281722826
90,Meridel,Steeden,msteeden2h@mediafire.com,Female,215.244.233.120,4251793831426
91,Robers,Struthers,rstruthers2i@buzzfeed.com,Male,43.25.91.57,373025389991866
92,Greggory,Kynan,gkynan2j@narod.ru,Male,126.164.84.245,5002352067562092
93,Robinia,Hebblethwaite,rhebblethwaite2k@mtv.com,Female,102.33.101.102,372301311173399
94,Mariquilla,Aicken,maicken2l@youtu.be,Female,85.144.250.198,5516724179551990
95,Zorah,Medina,zmedina2m@posterous.com,Polygender,138.197.252.189,5048378272480313
96,Greg,Worsall,gworsall2n@ft.com,Male,169.62.73.101,4508926343782145
97,Merle,Farncombe,mfarncombe2o@google.it,Male,199.201.244.82,5010127576994303
98,Giff,Pund,gpund2p@homestead.com,Genderfluid,201.236.6.75,5007664772778796
99,Kaye,Ormes,kormes2q@bloglovin.com,Female,90.206.234.197,5250934788933360
100,Joelle,Musslewhite,jmusslewhite2r@aboutads.info,Female,172.205.139.253,4041376319753635
101,Shannan,Trowbridge,strowbridge2s@yahoo.com,Male,181.125.145.132,5217698569819096
102,Jacob,Cail,jcail2t@wikispaces.com,Male,179.136.154.43,4544656833769312
103,Elizabet,Juett,ejuett2u@craigslist.org,Non-binary,86.191.9.248,374283697685394
104,Saunders,Caton,scaton2v@youtu.be,Male,208.120.55.108,4017957260851773
105,Sandi,Dowdell,sdowdell2w@wix.com,Female,22.29.22.91,4706863821188141
106,Barney,Timblett,btimblett2x@joomla.org,Male,133.249.203.177,374288296852873
107,Guglielmo,Jardin,gjardin2y@businesswire.com,Male,121.128.28.5,4017956123707
108,Myer,Gowdy,mgowdy2z@wikia.com,Male,206.53.254.44,374288867369471
109,Fannie,Eatherton,featherton30@thetimes.co.uk,Female,200.156.144.57,5100177165544481
110,Jory,Sholem,jsholem31@delicious.com,Male,146.29.163.209,372301546264989
111,Archie,Keuntje,akeuntje32@chronoengine.com,Male,198.29.176.156,4017951172988054
112,Urbano,Haresnape,uharesnape33@mlb.com,Male,148.137.212.98,5048371822698161
113,Jillie,Dunk,jdunk34@qq.com,Female,11.196.76.158,337941651563750
114,Carly,McLelland,cmclelland35@weather.com,Male,158.165.219.41,4041591067719121
115,Dayna,Kubala,dkubala36@springer.com,Genderfluid,121.88.193.216,5100143853594998
116,Arte,Palek,apalek37@hugedomains.com,Male,193.129.51.78,4041594406746
117,Mikaela,Lemanu,mlemanu38@dedecms.com,Female,228.187.199.55,4041370423808
118,Livvy,Patters,lpatters39@hp.com,Female,181.104.61.222,372301941618698
119,Irene,Wyldish,iwyldish3a@prweb.com,Female,234.204.13.0,5442202213789768
120,Elianora,Nevett,enevett3b@rediff.com,Female,15.170.147.190,4794607952803678
121,Queenie,Bolderoe,qbolderoe3c@msu.edu,Female,72.19.17.43,5002351410765154
122,Dino,Seeborne,dseeborne3d@reddit.com,Male,24.37.219.199,374622839858288
123,Sig,Turfin,sturfin3e@dailymail.co.uk,Male,230.113.6.133,374283217920131
124,Clark,Slayton,cslayton3f@nature.com,Male,16.13.227.96,348285959838994
125,Leonid,Lemonby,llemonby3g@sciencedirect.com,Male,19.64.245.196,374283641350350
126,Cleveland,Cosh,ccosh3h@addthis.com,Agender,254.122.254.142,4041378583041
127,Dud,MacNockater,dmacnockater3i@thetimes.co.uk,Male,191.199.207.95,5518173612003003
128,Ty,Giuron,tgiuron3j@booking.com,Male,245.243.154.44,372301896926518
129,Bonnie,Geram,bgeram3k@columbia.edu,Female,99.141.63.21,337941582865340
130,Joete,Cottage,jcottage3l@google.fr,Female,81.242.2.252,5313108824867347
131,Francis,Linnell,flinnell3m@miitbeian.gov.cn,Male,159.67.59.99,5420441862892319
132,Krystalle,Greneham,kgreneham3n@gmpg.org,Female,112.195.159.169,4100468950975193
133,Hy,Olpin,holpin3o@geocities.jp,Male,209.248.205.189,4795999182618045
134,Bobbette,Grishmanov,bgrishmanov3p@redcross.org,Female,84.19.48.172,337941335598438
135,Amity,Cecchetelli,acecchetelli3q@privacy.gov.au,Female,94.8.80.51,4041590247323283
136,Roda,Arminger,rarminger3r@surveymonkey.com,Female,28.25.170.147,5002356335138478
137,Averell,Simms,asimms3s@prnewswire.com,Male,76.230.64.188,5361071780587179
138,Dorelia,Keeffe,dkeeffe3t@pagesperso-orange.fr,Female,151.16.24.97,5100139039438811
139,Almeda,Garretson,agarretson3u@webs.com,Polygender,192.40.108.20,4041374045025378
140,Avigdor,Skeldinge,askeldinge3v@liveinternet.ru,Male,203.132.234.71,5298618593642514
141,Floris,Ewells,fewells3w@dropbox.com,Female,34.239.48.53,4041591971604138
142,Wyatan,Bellon,wbellon3x@businessinsider.com,Male,208.93.240.207,5100133050026746
143,Goddart,Rigardeau,grigardeau3y@networkadvertising.org,Male,117.196.57.50,5383231497575149
144,Ogden,Murdoch,omurdoch3z@blogs.com,Male,116.109.200.204,5002358368798244
145,Ravid,Bodycombe,rbodycombe40@theguardian.com,Polygender,233.170.11.53,4041379394331
146,Borden,Rawes,brawes41@go.com,Male,142.161.208.23,374288276106167
147,Valentine,Whooley,vwhooley42@flickr.com,Male,198.94.117.95,370014235145060
148,Ber,Moyles,bmoyles43@google.fr,Male,191.182.133.161,372301144095173
149,Levey,Waring,lwaring44@nifty.com,Polygender,213.175.48.81,4263991159815749
150,Blanca,Metrick,bmetrick45@blogspot.com,Female,10.167.141.157,374622153414791
151,Katrinka,Pembry,kpembry46@hugedomains.com,Female,176.24.81.37,337941658614408
152,Lyndell,Blackbourn,lblackbourn47@joomla.org,Female,235.230.6.127,5010122201186169
153,Jewelle,Collard,jcollard48@ucla.edu,Female,115.11.36.92,374622361970865
154,Arielle,Gout,agout49@bbb.org,Female,13.39.13.228,372301952495465
155,Sibelle,Gilmour,sgilmour4a@google.com.au,Female,241.76.4.117,5316601034044688
156,Andria,Jacqueminet,ajacqueminet4b@fotki.com,Female,241.124.9.212,5568331144038546
157,Roderick,Janic,rjanic4c@oaic.gov.au,Male,111.178.6.151,4041373997514801
158,Townie,McIlhone,tmcilhone4d@wikispaces.com,Male,202.68.73.65,4017958359150440
159,Katleen,Serck,kserck4e@delicious.com,Female,204.75.113.193,4041379701485
160,Nanni,Sawyer,nsawyer4f@stanford.edu,Female,28.55.106.229,374622283855608
161,Rolfe,Dreger,rdreger4g@merriam-webster.com,Male,79.212.247.87,5048376343523335
162,Rosana,Bartleet,rbartleet4h@canalblog.com,Genderqueer,254.130.194.54,4041593557358287
163,Jerald,Lomond,jlomond4i@ucoz.ru,Male,3.171.46.134,5100143557868946
164,Gaylord,Nelm,gnelm4j@hao123.com,Male,16.178.81.38,4041372908897
165,Gratia,Slowey,gslowey4k@ocn.ne.jp,Bigender,122.124.112.57,374288711473529
166,Elianora,Guitt,eguitt4l@storify.com,Female,39.105.215.42,5010129018497390
167,Hynda,Simmen,hsimmen4m@wikipedia.org,Female,203.27.118.204,5316317207310752
168,Laurice,Cayette,lcayette4n@myspace.com,Female,175.224.41.213,374622766886567
169,Kevan,Rhydderch,krhydderch4o@foxnews.com,Male,166.55.89.237,4041593951384772
170,Rayner,Buttrum,rbuttrum4p@businessinsider.com,Male,128.174.170.97,347687873673103
171,Jamie,Tick,jtick4q@wiley.com,Female,197.67.243.20,370778728877849
172,Hilly,Manhood,hmanhood4r@example.com,Genderqueer,66.161.249.135,4060057644972563
173,Bettina,Cudmore,bcudmore4s@economist.com,Female,105.132.226.175,374283155417017
174,Ronica,Gouldie,rgouldie4t@cnet.com,Female,185.193.125.33,5007664489662028
175,Kandy,Huey,khuey4u@nasa.gov,Female,76.88.173.119,371432834143881
176,Conant,Harrold,charrold4v@ibm.com,Polygender,233.54.183.41,4017950665828
177,Murial,Gilhouley,mgilhouley4w@mac.com,Female,70.7.137.83,5007667887667069
178,Bobina,Studd,bstudd4x@miitbeian.gov.cn,Female,144.206.186.254,5010127718093246
179,Mateo,Daverin,mdaverin4y@miitbeian.gov.cn,Genderqueer,167.42.199.222,374288642293632
180,Lil,Macklin,lmacklin4z@latimes.com,Female,129.56.91.171,337941924306649
181,Margarete,Daniellot,mdaniellot50@vkontakte.ru,Female,139.77.108.183,374288096558357
182,Ricky,Medhurst,rmedhurst51@webs.com,Female,57.15.250.119,4041370345944
183,Tremayne,Dorn,tdorn52@unicef.org,Agender,245.117.72.155,5517088800187478
184,Tom,Wakelin,twakelin53@state.gov,Male,189.183.117.207,4017953312667408
185,Colver,Wolford,cwolford54@marketwatch.com,Male,23.204.121.124,4017950555425
186,Ephrayim,Fudge,efudge55@techcrunch.com,Male,77.106.77.218,5100138402914796
187,Chaunce,Minichi,cminichi56@freewebs.com,Male,37.250.27.240,4941400888476
188,Tabbie,Bontine,tbontine57@ycombinator.com,Male,182.85.95.143,5116714700402577
189,Filip,Parfitt,fparfitt58@xrea.com,Male,156.71.130.10,5010123494595025
190,Prentiss,Dix,pdix59@google.ru,Male,175.15.173.5,5385709389628041
191,Janie,Krollman,jkrollman5a@friendfeed.com,Female,173.86.205.182,5482172472539900
192,Ag,Fillgate,afillgate5b@berkeley.edu,Genderqueer,53.25.115.176,4041371674433
193,Herc,Spinage,hspinage5c@princeton.edu,Male,22.142.89.19,4017956689574
194,Elsbeth,Litel,elitel5d@nih.gov,Female,12.193.127.180,5118723490474850
195,Page,Kensett,pkensett5e@google.co.jp,Female,47.191.40.56,5010127477358822
196,Eolanda,Arnal,earnal5f@seattletimes.com,Female,212.103.90.104,4041593025356
197,Jermaine,Yarranton,jyarranton5g@technorati.com,Female,224.159.114.253,4017957089469
198,Anselm,Childerley,achilderley5h@soup.io,Male,56.185.67.92,4017958852600
199,Sunshine,Blockley,sblockley5i@lycos.com,Female,237.189.219.230,5375469827142590
200,Lauren,Leahair,lleahair5j@google.pl,Male,15.43.106.68,348596125733087
201,Efren,McClifferty,emcclifferty5k@nationalgeographic.com,Agender,27.26.188.116,4017953378130
202,Prentice,Clampe,pclampe5l@cargocollective.com,Male,143.82.67.46,4127693594258
203,Keen,McArley,kmcarley5m@weather.com,Male,45.78.239.240,374283027457563
204,Joletta,Print,jprint5n@cpanel.net,Polygender,63.168.71.226,337941417296794
205,Ingeborg,Bartholomaus,ibartholomaus5o@wix.com,Non-binary,170.172.159.204,4017954937366368
206,Irvin,Dunstan,idunstan5p@pinterest.com,Male,163.193.125.214,5100140709539607
207,Flossy,Cleyburn,fcleyburn5q@artisteer.com,Female,121.237.219.11,5354740690256591
208,Benjy,Shave,bshave5r@dropbox.com,Male,38.166.113.194,5100137722933106
209,Cynde,Deny,cdeny5s@sakura.ne.jp,Female,236.113.12.141,372301693739973
210,Alwyn,Plowright,aplowright5t@prweb.com,Male,107.206.185.42,4425493294115
211,Allegra,Hotson,ahotson5u@nsw.gov.au,Female,228.76.63.188,5010129911828287
212,Gert,Cogan,gcogan5v@va.gov,Female,228.120.239.91,4041375278678
213,Yoshiko,Dumigan,ydumigan5w@zdnet.com,Non-binary,4.118.227.170,5108751432164133
214,Mariquilla,Trood,mtrood5x@cnn.com,Female,244.150.197.194,5100175808220725
215,Brose,Moule,bmoule5y@cisco.com,Male,48.98.135.76,4017951303991076
216,Gladi,Hegarty,ghegarty5z@artisteer.com,Female,23.206.20.169,5010124016817525
217,Trefor,Weymouth,tweymouth60@soundcloud.com,Genderfluid,242.180.51.157,4017956469431
218,Hermann,Magnus,hmagnus61@usnews.com,Agender,122.128.113.101,4041373262361177
219,Gayla,Mackneis,gmackneis62@parallels.com,Female,107.177.143.198,337941390107356
220,Steven,Ivoshin,sivoshin63@nationalgeographic.com,Male,197.129.52.21,4041590318689
221,Hersh,Aldham,haldham64@tripadvisor.com,Male,210.54.144.40,5127249213835242
222,Erhard,Cahillane,ecahillane65@bbc.co.uk,Male,0.198.180.116,5352402252816666
223,Leena,Boarer,lboarer66@altervista.org,Female,204.84.247.176,4017955917585422
224,Nichol,Schrieves,nschrieves67@hexun.com,Female,253.133.248.78,4017956173371
225,Rodi,Iacavone,riacavone68@ucsd.edu,Female,157.96.113.15,342415323713872
226,Connor,Pack,cpack69@trellian.com,Genderqueer,1.101.245.13,372072849051569
227,Junia,Daulton,jdaulton6a@digg.com,Genderqueer,63.174.185.94,4041596360141121
228,Bailie,Frane,bfrane6b@ca.gov,Male,221.249.156.154,374288944570380
229,Arlene,O'Donegan,aodonegan6c@ihg.com,Female,170.220.87.55,5230175683205133
230,Angie,Danton,adanton6d@apple.com,Female,9.101.82.77,5100170160121355
231,Bendite,Orthmann,borthmann6e@un.org,Female,244.127.115.175,5338879611969964
232,Reynolds,Leatherland,rleatherland6f@admin.ch,Male,132.43.34.224,5108754155232046
233,Abbie,Tethcote,atethcote6g@google.de,Male,253.146.112.174,377207360731547
234,Veda,Wallman,vwallman6h@elegantthemes.com,Polygender,193.96.118.70,4041597215620152
235,Kenny,Leadbitter,kleadbitter6i@example.com,Bigender,246.183.55.64,4017957125704910
236,Orren,Switzer,oswitzer6j@abc.net.au,Male,206.131.14.182,5222257982228121
237,Yardley,Crosson,ycrosson6k@ibm.com,Male,18.124.206.192,5179365162527809
238,Tabb,Trayhorn,ttrayhorn6l@issuu.com,Male,94.155.195.44,5048376857213778
239,Gloriana,Siddeley,gsiddeley6m@nsw.gov.au,Female,28.84.253.167,5108759040878028
240,Dedie,Renzullo,drenzullo6n@xrea.com,Female,173.253.175.4,4052426278105750
241,Brendon,Conduit,bconduit6o@tripadvisor.com,Male,244.171.223.97,4041373128016
242,Johannes,Ollarenshaw,jollarenshaw6p@msu.edu,Polygender,235.179.78.72,337941503998972
243,Lindsay,Dreakin,ldreakin6q@youtu.be,Non-binary,107.11.190.12,372301108009285
244,Konrad,Fardoe,kfardoe6r@nydailynews.com,Male,165.197.209.95,337941287117765
245,Joana,Balthasar,jbalthasar6s@behance.net,Female,192.254.211.51,4041594367708
246,Amos,Pauleau,apauleau6t@netscape.com,Polygender,150.134.20.220,4017952269259557
247,Garrett,Fendley,gfendley6u@nyu.edu,Male,83.101.115.92,4041599033931647
248,Jaye,Meaton,jmeaton6v@yelp.com,Bigender,12.99.77.128,377750274360804
249,Rafe,Million,rmillion6w@pagesperso-orange.fr,Male,140.29.138.254,5010125826435457
250,Mariel,Sallinger,msallinger6x@tripadvisor.com,Female,5.32.23.19,5010128407413786
251,Colet,Dureden,cdureden6y@independent.co.uk,Male,210.170.122.182,5100174493806120
252,Lauryn,Boast,lboast6z@indiatimes.com,Female,250.13.11.141,337941401344519
253,Joan,Crepel,jcrepel70@spotify.com,Female,209.170.177.87,4041595789512
254,Sergio,Rivalant,srivalant71@sciencedirect.com,Male,215.76.16.123,5410338597562286
255,Patricia,Finnan,pfinnan72@webnode.com,Female,254.123.223.119,4041595313537
256,Finley,Sidsaff,fsidsaff73@purevolume.com,Male,177.112.40.215,4017952831917906
257,Winfield,Culshaw,wculshaw74@mlb.com,Agender,161.228.124.10,4784620058962969
258,Dione,Dubarry,ddubarry75@jugem.jp,Female,81.205.80.29,5309288713542387
259,Derrick,Swoffer,dswoffer76@macromedia.com,Male,129.106.125.199,4755503286655
260,Noel,Fibbit,nfibbit77@chronoengine.com,Male,143.221.189.32,374283457112399
261,Mair,Mitcham,mmitcham78@mediafire.com,Female,158.93.27.62,5188836299643494
262,Celestia,Danev,cdanev79@phpbb.com,Female,118.142.29.106,5565266600057577
263,Isaak,Burman,iburman7a@gravatar.com,Male,193.67.123.123,5321886011476655
264,Radcliffe,Baumadier,rbaumadier7b@dion.ne.jp,Male,81.205.190.111,5007667625399819
265,Marya,Mansell,mmansell7c@narod.ru,Female,130.250.216.176,374283210177069
266,Codi,Kerwood,ckerwood7d@skype.com,Female,27.247.81.3,374288765401046
267,Raynard,Penwright,rpenwright7e@ucoz.com,Male,128.247.236.103,372301422963894
268,Yolane,Danilevich,ydanilevich7f@chronoengine.com,Female,21.228.174.137,5100135851242026
269,Lilllie,Balderston,lbalderston7g@sphinn.com,Female,85.183.223.125,374622612431170
270,Gaven,Falck,gfalck7h@bloomberg.com,Genderfluid,232.6.154.209,5048378564142779
271,Amitie,Auten,aauten7i@twitter.com,Female,122.241.48.92,4041593371826
272,Asher,Spinney,aspinney7j@abc.net.au,Male,162.233.68.40,372301347289102
273,Charlotte,MacAlroy,cmacalroy7k@reverbnation.com,Bigender,159.3.186.229,4551496510785111
274,Andris,Duigan,aduigan7l@ftc.gov,Male,162.251.29.134,4201615240904106
275,Arvin,Jaram,ajaram7m@taobao.com,Male,118.171.13.67,4041370986865723
276,Immanuel,Gwin,igwin7n@t.co,Male,203.74.118.227,374622841821530
277,Cherilynn,Spratt,cspratt7o@tinyurl.com,Female,62.83.191.85,337941719193087
278,Hilarius,Scholer,hscholer7p@g.co,Male,175.71.48.75,374283206361164
279,Linet,Shapera,lshapera7q@symantec.com,Bigender,65.26.156.190,5010129927755821
280,Rori,Stovin,rstovin7r@merriam-webster.com,Female,209.51.14.97,374622856374680
281,Maryjo,Planks,mplanks7s@loc.gov,Female,167.118.12.227,5185355528975471
282,Hillard,Demougeot,hdemougeot7t@epa.gov,Male,146.209.162.50,5126713710567278
283,Loise,Forman,lforman7u@ning.com,Bigender,70.223.180.62,372301391675503
284,Saloma,Crowther,scrowther7v@devhub.com,Female,214.51.201.220,374283817781628
285,Ikey,Alam,ialam7w@wikia.com,Male,235.67.238.78,4041378932081
286,Melitta,MacKnight,mmacknight7x@google.cn,Female,96.178.12.29,4017951454340974
287,Ceciley,Maria,cmaria7y@joomla.org,Bigender,67.207.150.233,4041595871907053
288,Gregor,Uc,guc7z@unc.edu,Male,150.150.205.250,337941653248756
289,Robinett,Willatts,rwillatts80@paginegialle.it,Female,187.13.98.83,4017955101704755
290,Myer,McInulty,mmcinulty81@t.co,Male,199.166.32.26,374283646356949
291,Ami,Kleeborn,akleeborn82@reverbnation.com,Female,159.211.84.162,371930661081371
292,Celestine,Botley,cbotley83@ucoz.ru,Female,199.149.189.76,4041598372207650
293,Rafael,Arro,rarro84@gov.uk,Male,178.107.181.117,337941237784219
294,Salomi,Hatley,shatley85@last.fm,Female,227.141.28.60,5048376945788401
295,Sibilla,Troni,stroni86@netvibes.com,Female,85.253.67.27,4017952108280
296,Bret,Ketchen,bketchen87@elpais.com,Male,101.21.223.27,4857617789699201
297,Marquita,Saylor,msaylor88@psu.edu,Female,81.92.169.192,337941680477444
298,Jackson,Vasilov,jvasilov89@opera.com,Male,91.174.89.240,4530145181923
299,Jeffrey,Rosengren,jrosengren8a@spiegel.de,Male,110.101.226.147,5100143444050104
300,Erminie,Fernandes,efernandes8b@businesswire.com,Female,179.208.210.110,4498266859513
301,Krishnah,Gillean,kgillean8c@cafepress.com,Male,175.90.213.167,374622608292149
302,Ailee,Gorges,agorges8d@hibu.com,Female,22.153.127.19,4041376675625
303,Sheila-kathryn,Klemke,sklemke8e@live.com,Female,47.125.225.163,349188757095032
304,Arlin,McFee,amcfee8f@yahoo.co.jp,Male,127.12.145.183,4041598609295
305,Raynor,Meaders,rmeaders8g@about.me,Male,88.2.191.131,5002351877719009
306,Crissie,Gerring,cgerring8h@angelfire.com,Female,141.82.47.126,5541578303879423
307,Sumner,Fere,sfere8i@sbwire.com,Male,230.230.2.96,337941324839140
308,Bellina,Sandham,bsandham8j@buzzfeed.com,Genderqueer,58.204.55.35,5100173912902346
309,Luciana,Sailes,lsailes8k@hud.gov,Female,35.212.115.243,372301861373050
310,Richardo,Blader,rblader8l@acquirethisname.com,Male,230.90.24.114,374283782964902
311,Garry,Daouse,gdaouse8m@indiegogo.com,Male,226.0.218.143,372301773015070
312,Gabriel,Corbyn,gcorbyn8n@intel.com,Female,217.253.187.17,4876945953468096
313,Felicio,McKechnie,fmckechnie8o@state.tx.us,Polygender,63.220.31.102,5002350918353661
314,Dorris,Treat,dtreat8p@ihg.com,Female,28.110.229.221,4727562498281
315,Eamon,Cornick,ecornick8q@rambler.ru,Male,224.73.146.232,5465907055598638
316,Morry,Bettridge,mbettridge8r@npr.org,Male,118.254.210.77,337941717768302
317,Roseanne,De Few,rdefew8s@ifeng.com,Female,245.24.46.59,5048371269451280
318,Ossie,Sterre,osterre8t@last.fm,Male,149.236.52.44,5501872253058809
319,Samuel,Letford,sletford8u@fema.gov,Male,227.11.187.33,5100179570828962
320,Saunders,Tender,stender8v@dion.ne.jp,Male,51.128.60.239,5100173796302050
321,Rodolph,Paxeford,rpaxeford8w@newyorker.com,Genderfluid,76.125.164.25,4041379367378
322,Abby,Dumbelton,adumbelton8x@springer.com,Female,240.178.72.174,374288463803329
323,Hazlett,Hayhow,hhayhow8y@slideshare.net,Genderqueer,84.236.251.118,374288506578458
324,Bevin,Kitchen,bkitchen8z@google.nl,Male,182.209.119.223,4017957041034038
325,Romonda,Conrard,rconrard90@goo.gl,Female,162.204.218.50,341921989299974
326,Isadora,Froment,ifroment91@cisco.com,Female,126.170.235.180,374283320717879
327,Sabrina,Gebuhr,sgebuhr92@vkontakte.ru,Female,64.212.120.151,5100170179900658
328,Tanya,Sangster,tsangster93@123-reg.co.uk,Female,183.237.155.67,4164565430603833
329,Shel,McKeevers,smckeevers94@eventbrite.com,Female,249.205.239.34,4017957560206637
330,Dolli,Sydry,dsydry95@printfriendly.com,Female,15.182.148.222,4041595060989
331,Paddy,Riddler,priddler96@bbc.co.uk,Male,4.100.96.67,5108752669315976
332,Waldon,Yglesia,wyglesia97@businesswire.com,Male,214.86.170.195,5002355088018200
333,Mabelle,Devereu,mdevereu98@imageshack.us,Female,112.208.57.187,4041590411187
334,Katheryn,Sterre,ksterre99@bigcartel.com,Female,15.208.135.55,4017951875939
335,Barb,Rosenfelt,brosenfelt9a@google.es,Non-binary,40.79.93.77,374288344137582
336,Duffie,Hayzer,dhayzer9b@geocities.com,Male,253.83.86.136,4041370965442676
337,Alverta,Bouzan,abouzan9c@jimdo.com,Female,184.105.4.208,4244006812101
338,Hilliard,Sturzaker,hsturzaker9d@nymag.com,Male,113.31.51.105,4041378443964
339,Isidor,D'Costa,idcosta9e@adobe.com,Agender,188.106.68.214,374622390948296
340,Con,Aseef,caseef9f@dagondesign.com,Male,147.135.198.162,342958556667927
341,Heywood,Roddick,hroddick9g@va.gov,Male,93.165.35.44,5232097836277736
342,Demetria,McGing,dmcging9h@cloudflare.com,Female,247.11.126.155,373084978640830
343,Alysia,Craig,acraig9i@edublogs.org,Female,216.207.255.114,4041379674153
344,Tabb,Ivel,tivel9j@usnews.com,Male,186.22.30.25,372301708383056
345,Margeaux,McClory,mmcclory9k@ycombinator.com,Female,161.82.155.73,4017959176386118
346,Murray,Berceros,mberceros9l@weebly.com,Male,170.37.72.167,4017953073193354
347,Erwin,Robrow,erobrow9m@cpanel.net,Male,104.87.245.125,4041379628258
348,Glen,Loveless,gloveless9n@harvard.edu,Bigender,147.97.255.157,5257118726743213
349,Arlina,Fishpoole,afishpoole9o@studiopress.com,Female,129.139.205.139,337941442893540
350,Esra,MacTurlough,emacturlough9p@dion.ne.jp,Genderfluid,9.188.176.105,370687008973808
351,Nannette,Kestin,nkestin9q@adobe.com,Female,207.16.226.180,374283428748578
352,Inessa,BoHlingolsen,ibohlingolsen9r@facebook.com,Female,195.209.230.235,5192629265415748
353,Mathilde,Doni,mdoni9s@mashable.com,Female,176.162.42.244,5452110431790285
354,Kellen,Habgood,khabgood9t@addtoany.com,Male,16.119.208.191,5100138718520998
355,Lanette,Jeandin,ljeandin9u@hc360.com,Genderqueer,160.156.181.27,4398068181994392
356,Flin,Arnfield,farnfield9v@google.es,Male,27.186.45.66,337941906618466
357,Frederic,Glencorse,fglencorse9w@wix.com,Male,157.142.82.194,4017957846554313
358,Edee,List,elist9x@amazonaws.com,Female,24.119.45.50,4017956503076321
359,Madeleine,Forrest,mforrest9y@technorati.com,Female,126.137.132.225,374283025348772
360,Rockey,Trimby,rtrimby9z@cam.ac.uk,Male,71.87.160.216,4017953899622
361,Madelon,Fraczek,mfraczeka0@hibu.com,Female,240.157.132.252,5002358322799783
362,Brok,Stennet,bstenneta1@tmall.com,Male,122.238.158.24,4041376415318978
363,Brody,Moreland,bmorelanda2@google.com.br,Male,178.130.242.34,5108752191378351
364,Ursulina,Mawdsley,umawdsleya3@blogtalkradio.com,Bigender,147.203.94.56,5048378049289872
365,Ignaz,Rowe,irowea4@dedecms.com,Male,254.145.132.112,5203475937961611
366,Gavan,Harsant,gharsanta5@wired.com,Male,122.128.111.225,372301808009940
367,Myra,Thirwell,mthirwella6@cmu.edu,Female,136.169.184.202,337941667343981
368,Jonas,Boriston,jboristona7@posterous.com,Male,158.195.57.54,337941155082059
369,Shea,Leftly,sleftlya8@symantec.com,Female,96.186.241.51,4017952438216
370,Shaw,Gonet,sgoneta9@squarespace.com,Male,174.73.7.124,372301173957723
371,Magda,Duligal,mduligalaa@behance.net,Female,195.64.101.84,4041595007195946
372,Aila,Wardrop,awardropab@networksolutions.com,Female,160.104.87.217,4041596646900126
373,Kristi,Sealey,ksealeyac@lulu.com,Female,123.56.120.161,4017959078072
374,Madelena,Veasey,mveaseyad@nps.gov,Female,177.157.16.81,5436862787670427
375,Cordie,Spur,cspurae@dropbox.com,Agender,57.44.239.178,4041372979850258
376,Olav,Jeness,ojenessaf@google.es,Male,193.109.251.135,5198923599581711
377,Janet,Priestnall,jpriestnallag@pagesperso-orange.fr,Female,139.76.80.86,4017954533798345
378,Taffy,Cansfield,tcansfieldah@ucoz.com,Female,100.242.223.14,5010128903962211
379,Peter,Woolston,pwoolstonai@google.co.uk,Male,102.59.138.211,374622672137048
380,Clem,Shimuk,cshimukaj@goodreads.com,Female,238.15.8.11,4041599405704838
381,Eugenia,Perritt,eperrittak@indiegogo.com,Female,14.126.193.137,374283285939674
382,Elysia,Haseldine,ehaseldineal@eventbrite.com,Non-binary,151.197.188.92,4017951638309127
383,Siusan,Mairs,smairsam@dailymotion.com,Female,94.164.248.202,5138912147704795
384,Federica,Zini,fzinian@reference.com,Female,174.246.83.237,5100146855856844
385,Kissie,Dorricott,kdorricottao@canalblog.com,Female,158.81.22.192,5100130305327838
386,Karlotta,Jakucewicz,kjakucewiczap@who.int,Female,99.180.167.78,5100146512380733
387,Clemence,Bottrell,cbottrellaq@yelp.com,Female,35.131.112.61,5048377397118311
388,Gilly,Lau,glauar@toplist.cz,Female,76.96.81.70,5100131963832234
389,Vachel,Branford,vbranfordas@google.it,Male,137.60.89.84,4017958674178
390,Seline,Quiddington,squiddingtonat@java.com,Female,129.219.180.157,5155059510126368
391,Beth,McBrady,bmcbradyau@guardian.co.uk,Genderqueer,179.32.253.94,374283226992527
392,Philbert,Gypps,pgyppsav@wordpress.com,Male,49.253.209.171,5483287279924722
393,Kristien,Joicey,kjoiceyaw@nationalgeographic.com,Female,24.157.232.222,5048375035800282
394,Nell,Attoc,nattocax@wufoo.com,Female,197.246.42.76,5010124531787971
395,Honoria,McGuffie,hmcguffieay@addthis.com,Agender,255.56.139.99,374283031857584
396,Broderick,Jeune,bjeuneaz@marriott.com,Male,129.59.47.225,348894038257090
397,Hubert,Najera,hnajerab0@about.com,Male,198.164.126.71,374283263604431
398,Therine,Devenport,tdevenportb1@barnesandnoble.com,Female,37.203.112.77,372301486992193
399,Thaddeus,Wiffler,twifflerb2@ning.com,Bigender,57.62.18.27,372301180088157
400,Olympie,Escudier,oescudierb3@netvibes.com,Female,79.78.28.77,5048373103128991
401,Don,Harmond,dharmondb4@ihg.com,Male,196.35.119.69,337941007924680
402,Winnah,Vogl,wvoglb5@archive.org,Bigender,195.243.48.133,4041374080927
403,Serene,Jerrems,sjerremsb6@wordpress.com,Female,200.191.198.180,5597762107257746
404,Aleksandr,Gherardesci,agherardescib7@sina.com.cn,Male,172.116.62.51,5108758671060765
405,Gardiner,Charnley,gcharnleyb8@ucoz.ru,Male,225.42.141.217,5002354300265764
406,Trudi,McGarel,tmcgarelb9@howstuffworks.com,Female,129.158.9.26,337941556071974
407,Salvatore,Fearne,sfearneba@cnet.com,Male,158.111.51.173,5132354710784373
408,Hardy,De Goey,hdegoeybb@army.mil,Male,212.19.180.47,5100130739986407
409,Bordie,McCroft,bmccroftbc@discovery.com,Male,136.57.121.106,5010124161399220
410,Feliza,McLardie,fmclardiebd@weather.com,Agender,20.152.23.236,4041596591727763
411,Lotta,Brader,lbraderbe@dailymail.co.uk,Female,141.116.133.222,337941290124022
412,Avictor,Whittle,awhittlebf@t.co,Male,53.222.125.172,4041370036329
413,Lefty,Winyard,lwinyardbg@apache.org,Male,36.25.48.64,4041590049124269
414,Lucretia,Akeherst,lakeherstbh@wix.com,Female,167.43.57.176,374622281814524
415,Shermy,Leppard,sleppardbi@google.it,Male,207.17.238.14,337941529662271
416,Jozef,McAree,jmcareebj@dagondesign.com,Male,88.191.244.55,374622427214464
417,Burlie,Tomowicz,btomowiczbk@cocolog-nifty.com,Male,179.217.191.229,337941741951478
418,Kienan,Forsyth,kforsythbl@istockphoto.com,Male,10.111.170.250,374622232106590
419,Luigi,Pinar,lpinarbm@youtu.be,Male,214.112.190.155,5108756243201396
420,Leola,Pluck,lpluckbn@nsw.gov.au,Agender,140.179.93.104,5002359883373950
421,Port,Mapowder,pmapowderbo@nytimes.com,Male,25.130.217.226,4041599018963243
422,Stuart,Mattis,smattisbp@miitbeian.gov.cn,Male,177.1.73.158,5108750019695824
423,Auberta,Hawkins,ahawkinsbq@dailymotion.com,Female,24.133.239.128,374283824668933
424,Katina,Beaument,kbeaumentbr@google.it,Female,149.146.223.117,4041373247873
425,Flory,Boon,fboonbs@ocn.ne.jp,Male,238.243.31.93,4041373582048
426,Tracie,Marusik,tmarusikbt@sitemeter.com,Female,207.30.218.37,5002356804681313
427,Zacharie,Sarsons,zsarsonsbu@php.net,Male,77.231.4.245,4654456653976790
428,Theobald,Upston,tupstonbv@ucoz.ru,Male,215.34.124.192,5010127982293795
429,Danell,McPhilip,dmcphilipbw@vkontakte.ru,Female,212.138.101.77,374283022149595
430,Rosita,Ryley,rryleybx@buzzfeed.com,Female,183.86.216.217,4017953428435195
431,Bald,Valentinetti,bvalentinettiby@deviantart.com,Male,85.250.176.24,374622016612367
432,Ara,Gniewosz,agniewoszbz@redcross.org,Male,146.254.129.44,5010129393034966
433,Sosanna,Flint,sflintc0@netvibes.com,Female,183.222.67.108,374283222982456
434,Fernande,Stigell,fstigellc1@github.com,Female,37.11.50.207,5324600284415077
435,Mead,Roe,mroec2@theglobeandmail.com,Male,164.90.176.66,5203664998646522
436,Derril,Krollmann,dkrollmannc3@t.co,Male,167.61.148.207,5002353189187677
437,Papageno,Garwood,pgarwoodc4@hao123.com,Polygender,153.23.21.145,374622788098886
438,Rosaline,McParlin,rmcparlinc5@eepurl.com,Female,51.56.195.107,4017954794562653
439,Davin,Dabnot,ddabnotc6@wordpress.com,Male,150.202.155.225,4432867830931954
440,Donia,Hardern,dhardernc7@bluehost.com,Female,26.25.184.87,5100147633590143
441,Jessalin,Veare,jvearec8@gnu.org,Female,49.166.153.106,5295799800514812
442,Byrle,Plesing,bplesingc9@g.co,Genderqueer,68.137.26.219,4073363120083
443,Franklyn,Carlens,fcarlensca@craigslist.org,Male,127.103.206.110,5141864491715692
444,Caroljean,Amps,campscb@hibu.com,Female,219.247.143.153,4041592677022286
445,Warren,Dowse,wdowsecc@cbc.ca,Male,43.1.143.227,5534553989858370
446,Ann-marie,Laffoley-Lane,alaffoleylanecd@mac.com,Female,92.33.191.94,372301764619732
447,Louella,Deeks,ldeeksce@businessinsider.com,Female,135.167.15.119,377141839653885
448,Esme,Saffill,esaffillcf@mashable.com,Male,244.12.9.142,5218724059724833
449,Jazmin,Zecchii,jzecchiicg@quantcast.com,Female,193.4.112.177,337941850678581
450,Aggi,Dils,adilsch@google.com.br,Female,138.85.142.180,372301818105639
451,Zack,Smallpeice,zsmallpeiceci@friendfeed.com,Male,16.35.29.89,337941829525293
452,Merline,Arghent,marghentcj@topsy.com,Female,250.124.228.136,374288188525678
453,Fleur,Sweett,fsweettck@vkontakte.ru,Female,36.151.39.240,5100179050541317
454,Aveline,Bax,abaxcl@1und1.de,Female,185.13.73.96,337941508138293
455,Alicea,Rumbelow,arumbelowcm@example.com,Female,252.226.161.246,4017950413038190
456,Lorita,Sturgess,lsturgesscn@harvard.edu,Female,70.29.199.30,374288529403759
457,Prudy,Devey,pdeveyco@google.com.au,Female,90.52.152.141,4041370521844654
458,Dermot,Hedon,dhedoncp@xinhuanet.com,Male,117.40.198.238,4041595742938477
459,Branden,Bedboro,bbedborocq@google.ru,Male,214.239.184.164,337941202196274
460,Lenka,Langman,llangmancr@fema.gov,Female,172.228.94.78,4017957870749045
461,Phyllys,Symons,psymonscs@time.com,Female,7.183.204.161,342330703797256
462,Smith,Dron,sdronct@canalblog.com,Male,28.69.179.121,5002356403627576
463,Eleanore,Chopping,echoppingcu@baidu.com,Non-binary,142.125.134.10,5263455679435393
464,Elwyn,Matteuzzi,ematteuzzicv@facebook.com,Male,113.2.214.212,5100137538583814
465,Kristos,Danell,kdanellcw@issuu.com,Male,141.103.203.144,374622724428676
466,Barty,Huikerby,bhuikerbycx@hugedomains.com,Male,131.17.72.207,374622888621868
467,Odille,Garrish,ogarrishcy@merriam-webster.com,Female,27.218.68.19,5100133448725983
468,Melli,De'Vere - Hunt,mdeverehuntcz@archive.org,Female,98.205.81.90,5100143970621492
469,Claudian,Albutt,calbuttd0@photobucket.com,Non-binary,63.86.83.40,5100133578185610
470,Stephanie,Belcham,sbelchamd1@blinklist.com,Genderqueer,165.127.173.177,4041370923032866
471,Christalle,Lusgdin,clusgdind2@si.edu,Female,152.137.85.177,5002357047786331
472,Flynn,Leppo,fleppod3@naver.com,Male,78.32.121.153,374622241832087
473,Annabell,Bruty,abrutyd4@hao123.com,Female,171.63.100.9,5389038600137525
474,Nellie,Blais,nblaisd5@alibaba.com,Female,33.65.56.54,4041375611025783
475,Ruthe,Rockey,rrockeyd6@npr.org,Female,227.68.35.133,372301787908955
476,Robinson,Agdahl,ragdahld7@eepurl.com,Male,248.31.235.19,373066914509708
477,Shurlocke,Lyle,slyled8@usatoday.com,Male,3.224.153.161,5108750792159154
478,Robinson,Prescote,rprescoted9@nhs.uk,Male,133.41.246.132,5330732340469954
479,Mada,Burnhams,mburnhamsda@usa.gov,Female,37.93.71.49,372301577948617
480,Rafe,Giffen,rgiffendb@wix.com,Polygender,248.168.69.203,4041370650993801
481,Evered,Flewin,eflewindc@smh.com.au,Male,155.175.194.83,374283324770858
482,Maison,Boliver,mboliverdd@omniture.com,Male,79.213.36.66,5007666224332957
483,Lucius,Burgh,lburghde@quantcast.com,Male,51.89.150.35,337941453971375
484,Leontine,Guilloux,lguillouxdf@umich.edu,Non-binary,37.67.138.1,374283098628530
485,Giavani,Scogings,gscogingsdg@facebook.com,Male,193.194.145.163,5002357118475814
486,Caralie,Heathcote,cheathcotedh@webnode.com,Female,23.244.49.137,5048374844435745
487,Georgeanna,Swainger,gswaingerdi@addtoany.com,Genderfluid,149.163.240.225,4017955716671944
488,Gwendolen,Parkman,gparkmandj@apache.org,Female,90.218.243.216,5010127704504214
489,Pyotr,Wicken,pwickendk@behance.net,Male,11.125.120.177,5100143596864708
490,Bertie,Furniss,bfurnissdl@yale.edu,Female,250.60.140.1,374622532687315
491,Faunie,Ebbrell,febbrelldm@bloglines.com,Female,219.175.228.152,374283403035793
492,Britta,Barlee,bbarleedn@elegantthemes.com,Female,4.174.29.169,374288308720225
493,Keefer,Latter,klatterdo@techcrunch.com,Male,131.0.247.233,4041375998522667
494,Emmalee,Decaze,edecazedp@webs.com,Female,231.172.138.151,374288999499097
495,Emlynn,Bazell,ebazelldq@sakura.ne.jp,Female,231.86.230.255,379449681636462
496,Cora,Greener,cgreenerdr@google.ca,Female,66.205.222.38,5374664351528864
497,Gerik,Bellenie,gbellenieds@reuters.com,Male,59.73.43.180,5010124643203230
498,Smith,Andrez,sandrezdt@forbes.com,Male,35.128.194.199,5002355272885430
499,Therese,Geist,tgeistdu@zimbio.com,Bigender,97.240.233.196,4041591120860
500,Giselle,Rathbone,grathbonedv@engadget.com,Female,137.152.193.71,4041599993261662
501,Killie,Murton,kmurtondw@fc2.com,Male,95.112.241.28,5002351240093900
502,Carlie,Sellens,csellensdx@xing.com,Male,219.216.198.215,5100142781875578
503,Ethelda,Presdie,epresdiedy@sbwire.com,Female,109.184.98.100,5573174549338332
504,Truman,Poschel,tposcheldz@goo.ne.jp,Male,16.99.136.246,5007666819059908
505,Elita,Fencott,efencotte0@addthis.com,Female,151.124.150.84,5100175334952536
506,Emyle,Figg,efigge1@123-reg.co.uk,Genderfluid,14.188.37.65,5007669051847949
507,Chicky,Seville,csevillee2@jigsy.com,Male,34.7.194.127,4041595070741774
508,Ingelbert,Sive,isivee3@nih.gov,Male,217.87.255.211,4041371649757
509,Vinnie,Aronstam,varonstame4@buzzfeed.com,Female,242.171.117.202,5048376872776221
510,Stanford,Gallahar,sgallahare5@com.com,Male,217.11.182.72,348474016001941
511,Cynthia,Durkin,cdurkine6@umich.edu,Female,83.20.172.240,343409036560034
512,Mordecai,Danton,mdantone7@google.fr,Male,25.76.92.188,5241183783185897
513,Carlee,Jimson,cjimsone8@goodreads.com,Female,68.219.43.60,5586959849670540
514,Kendell,Call,kcalle9@boston.com,Male,4.90.145.196,5010127552553594
515,Josh,Dible,jdibleea@hugedomains.com,Male,139.217.86.137,340181279354606
516,Barby,Marney,bmarneyeb@hhs.gov,Female,77.52.41.154,374622419619225
517,Alexina,M'cowis,amcowisec@merriam-webster.com,Female,46.125.85.158,4460229897304473
518,Carolann,Berkelay,cberkelayed@tumblr.com,Female,239.84.31.113,374288417745626
519,Nobie,Sutter,nsutteree@edublogs.org,Male,54.142.109.94,4638667869604999
520,Rorie,Lidster,rlidsteref@yahoo.co.jp,Female,12.12.23.215,337941516876777
521,Serene,Dibling,sdiblingeg@cam.ac.uk,Female,245.144.225.111,5100140692982574
522,Abdul,Geldard,ageldardeh@unblog.fr,Genderqueer,88.177.198.156,372301112320868
523,Beckie,Gabb,bgabbei@omniture.com,Non-binary,82.113.109.116,4041370968051573
524,Keri,Larrosa,klarrosaej@prweb.com,Female,90.13.52.168,372301682643277
525,Joelynn,Sellan,jsellanek@bing.com,Female,250.172.169.190,5048373826852679
526,Marv,Kembley,mkembleyel@kickstarter.com,Male,44.84.250.1,374283990816191
527,Chrisse,Daintier,cdaintierem@mediafire.com,Male,169.201.42.148,337941484375653
528,Cleavland,Grason,cgrasonen@themeforest.net,Non-binary,108.129.243.111,5048376270432047
529,Leicester,Bockh,lbockheo@addtoany.com,Male,232.29.177.126,4041376323374
530,Elianore,Staniford,estanifordep@rakuten.co.jp,Female,10.50.230.11,5471169484568425
531,Lindsey,De Hooch,ldehoocheq@blogger.com,Female,36.157.42.46,372301377869708
532,Shea,Deverock,sdeverocker@accuweather.com,Female,2.149.85.92,5002355572522477
533,Ivor,Semble,isemblees@example.com,Male,166.216.108.233,337941460021644
534,Phebe,Castagnier,pcastagnieret@youtube.com,Polygender,254.12.40.46,372301260547189
535,Bryana,Klug,bklugeu@netscape.com,Female,48.58.184.205,4041375044138
536,Devlen,Berriball,dberriballev@oaic.gov.au,Genderqueer,212.69.252.98,5173473480000081
537,Amalita,Padrick,apadrickew@php.net,Female,191.229.136.3,4041597778166
538,Ruperta,Curle,rcurleex@webnode.com,Female,153.113.113.149,346653988306204
539,Rozella,Ditter,rditterey@yahoo.com,Female,61.87.63.179,5007666090217811
540,Crichton,Tomaszek,ctomaszekez@tuttocitta.it,Genderqueer,155.136.56.203,5002352618996328
541,Kaspar,Skinn,kskinnf0@taobao.com,Male,36.234.19.87,374288731333703
542,Norris,Tidy,ntidyf1@desdev.cn,Male,126.235.67.106,5048373555708308
543,Erastus,Paradin,eparadinf2@cocolog-nifty.com,Male,21.193.62.17,4017950298430
544,Madge,Southway,msouthwayf3@jiathis.com,Female,208.161.232.142,4310849477199787
545,Adan,Slot,aslotf4@nyu.edu,Bigender,44.120.105.101,4041597180546
546,Virgilio,Roback,vrobackf5@mit.edu,Genderfluid,147.44.81.153,374288186147814
547,Muffin,Deuss,mdeussf6@salon.com,Female,10.127.236.218,4017952242290802
548,Spense,Sawart,ssawartf7@google.ca,Male,179.73.189.193,5010127512080373
549,Carine,Rolance,crolancef8@topsy.com,Female,151.107.214.59,4041594967732350
550,Michail,Sellstrom,msellstromf9@nih.gov,Polygender,78.153.74.208,4041595401372489
551,Teodorico,Dirand,tdirandfa@reverbnation.com,Male,237.128.15.78,4017953158565
552,Angeline,Andric,aandricfb@cpanel.net,Female,139.32.236.185,372301486279336
553,Neala,Phythean,nphytheanfc@nyu.edu,Female,99.125.28.170,342636680499710
554,Padget,Banham,pbanhamfd@bizjournals.com,Male,170.188.235.79,4017957396959771
555,Hagen,McCrostie,hmccrostiefe@google.fr,Non-binary,50.98.244.87,340433149776421
556,Noll,Avey,naveyff@sphinn.com,Male,51.195.148.91,5108755121484660
557,Lotti,Cardall,lcardallfg@squidoo.com,Polygender,242.40.137.223,5002359228141039
558,Mordy,Collicott,mcollicottfh@google.pl,Male,48.15.20.177,4041372149682
559,Gustie,Gallear,ggallearfi@latimes.com,Female,195.151.48.154,5433616687600832
560,Dina,Trownson,dtrownsonfj@tuttocitta.it,Female,55.32.223.61,5100130744054761
561,Lonni,Side,lsidefk@pinterest.com,Female,199.87.139.111,4533408805691
562,Carlen,Westmacott,cwestmacottfl@msn.com,Female,136.91.57.56,374283906888151
563,Vicky,Philcox,vphilcoxfm@ning.com,Bigender,13.213.145.252,5592914741245570
564,Lara,Eilers,leilersfn@shutterfly.com,Female,196.217.65.55,4017954502191
565,Belvia,Stile,bstilefo@amazon.co.jp,Female,74.241.190.70,371521135478333
566,Craig,Wincer,cwincerfp@techcrunch.com,Male,133.27.5.132,374283369452586
567,Gardener,O'Scollain,goscollainfq@w3.org,Male,162.52.184.254,4041590019915738
568,Regan,Widdup,rwiddupfr@acquirethisname.com,Female,111.131.223.191,5048376735441922
569,Krystyna,McKeevers,kmckeeversfs@nyu.edu,Female,214.118.191.87,337941658335061
570,Ruben,McBain,rmcbainft@npr.org,Male,209.218.74.161,5332416878306584
571,Pincas,Showalter,pshowalterfu@feedburner.com,Male,159.74.51.138,5100173385005379
572,Winston,Romain,wromainfv@walmart.com,Male,200.241.234.166,378416474700038
573,Glynis,Dederich,gdederichfw@sourceforge.net,Female,121.115.192.230,4900468333069872
574,Henderson,Radsdale,hradsdalefx@bluehost.com,Male,218.0.189.146,4277709497921712
575,Bambie,Benditt,bbendittfy@miibeian.gov.cn,Female,246.125.122.90,5405801345177548
576,Margalo,Boorn,mboornfz@themeforest.net,Bigender,44.219.224.76,4041597319052
577,Malva,Gleader,mgleaderg0@feedburner.com,Female,28.109.148.55,372301350875532
578,Hillel,Berston,hberstong1@cnn.com,Male,39.45.71.66,340637826818096
579,Cortney,Shieber,cshieberg2@umn.edu,Female,92.195.9.104,5100142607287933
580,Gualterio,Ronchetti,gronchettig3@vistaprint.com,Male,80.45.193.176,5439393036589553
581,Frederico,Lornsen,flornseng4@ox.ac.uk,Agender,223.84.214.190,5002357152358462
582,Derril,Glackin,dglacking5@booking.com,Male,193.121.29.198,4041595143579
583,Chucho,Srawley,csrawleyg6@artisteer.com,Male,117.128.106.235,4041598825586
584,Heath,Mixworthy,hmixworthyg7@comcast.net,Male,87.86.73.22,373412218447189
585,Sabra,Dwyer,sdwyerg8@mapquest.com,Female,4.76.47.141,376943551087254
586,Yvette,Render,yrenderg9@homestead.com,Female,128.168.34.24,374288939486287
587,Debbie,Cullity,dcullityga@chicagotribune.com,Agender,175.228.249.176,4017955500059348
588,Denis,Cawthorn,dcawthorngb@usgs.gov,Male,120.155.184.1,337941605708089
589,Evered,Colum,ecolumgc@ustream.tv,Male,178.240.186.49,374288019152890
590,Cary,Le Fevre,clefevregd@printfriendly.com,Polygender,161.150.217.252,4041591157409
591,Hobard,Espley,hespleyge@uol.com.br,Male,223.29.144.220,4041376572616
592,Tabitha,Messenger,tmessengergf@illinois.edu,Female,73.122.176.71,5340894575983485
593,Wandie,Ormrod,wormrodgg@omniture.com,Female,181.49.240.41,5010124286671289
594,Corrina,Zannetti,czannettigh@hp.com,Female,99.206.196.211,4017955860304813
595,Yasmeen,Beckworth,ybeckworthgi@bloglovin.com,Female,243.39.223.157,4017958886305178
596,Whitby,Brader,wbradergj@eepurl.com,Male,24.131.103.89,4041599925447454
597,Alvie,Cockrell,acockrellgk@addtoany.com,Male,12.142.99.103,4041373683747
598,Rubie,Dyment,rdymentgl@jimdo.com,Female,235.229.235.32,4337771102248947
599,Konrad,Miko,kmikogm@creativecommons.org,Male,216.81.138.179,5379020603714536
600,George,Dimbleby,gdimblebygn@123-reg.co.uk,Female,65.76.237.231,4041590934996235
601,Tamara,Seamarke,tseamarkego@utexas.edu,Female,227.78.79.192,5130967672933084
602,Ferdinande,Dat,fdatgp@google.nl,Female,33.33.136.214,337941771885463
603,Celinda,McNeigh,cmcneighgq@prweb.com,Female,245.44.150.29,372301545664890
604,Minda,Brickell,mbrickellgr@prweb.com,Genderqueer,167.18.14.237,5108750904293248
605,Danyelle,Shoemark,dshoemarkgs@sourceforge.net,Female,18.98.151.226,5048374409497544
606,Wilt,Davidoff,wdavidoffgt@1und1.de,Male,179.126.163.192,5272232982965609
607,Bernardine,Nesby,bnesbygu@who.int,Polygender,87.156.233.40,374622963436083
608,Marmaduke,Miguel,mmiguelgv@vkontakte.ru,Male,27.81.50.199,345748284460852
609,Avie,Wheildon,awheildongw@who.int,Agender,174.106.62.128,4017958186749075
610,Hayyim,Gruszecki,hgruszeckigx@e-recht24.de,Male,152.183.218.7,4041591541560885
611,Ninetta,Paulmann,npaulmanngy@moonfruit.com,Non-binary,4.95.37.174,337941490708376
612,Iris,Dufore,iduforegz@hugedomains.com,Female,29.113.38.250,4041596417758
613,Kean,Briar,kbriarh0@utexas.edu,Male,249.202.0.118,4961839405233172
614,Ches,Ottey,cotteyh1@rakuten.co.jp,Male,23.62.253.192,5137798724352004
615,Dot,Bullon,dbullonh2@usgs.gov,Female,94.68.67.187,4041371388075358
616,Rodrick,Reisenstein,rreisensteinh3@uol.com.br,Male,139.103.65.245,4720346050643
617,Hale,Hurn,hhurnh4@illinois.edu,Male,85.64.130.131,4041595563768
618,Madlin,Threader,mthreaderh5@webs.com,Genderqueer,225.130.214.196,4458863663783
619,Franzen,Hothersall,fhothersallh6@geocities.jp,Male,133.163.44.60,5288282156544799
620,Myca,Vaisey,mvaiseyh7@cpanel.net,Male,240.214.219.5,4041597486554
621,Dahlia,Kopps,dkoppsh8@google.co.uk,Polygender,29.37.91.178,4041596045674
622,Billi,Saywood,bsaywoodh9@ftc.gov,Female,200.7.117.91,5338108903229691
623,Baldwin,Pemberton,bpembertonha@sitemeter.com,Male,210.45.167.86,374622857076748
624,Benedicto,Swindells,bswindellshb@wsj.com,Polygender,78.127.69.161,374283687358416
625,Wandis,Gaish,wgaishhc@google.cn,Female,113.29.74.232,348148215740190
626,Cloris,Stair,cstairhd@cbc.ca,Female,68.97.232.116,4718414832991
627,Perren,Rolstone,prolstonehe@howstuffworks.com,Male,73.20.58.229,4017955774641
628,Sal,Buckberry,sbuckberryhf@woothemes.com,Female,67.202.116.177,4041370769937
629,Idalia,Ossipenko,iossipenkohg@ed.gov,Female,81.94.25.0,372301083907313
630,Michel,Freezer,mfreezerhh@yellowbook.com,Female,39.148.53.208,5165820455654468
631,Adey,Tadlow,atadlowhi@artisteer.com,Female,117.250.79.145,374288058113902
632,Prinz,Hatchell,phatchellhj@howstuffworks.com,Male,236.108.207.113,4041371124280
633,Zelig,Abriani,zabrianihk@biglobe.ne.jp,Male,57.90.40.37,373948310321509
634,Tildy,Klimochkin,tklimochkinhl@amazon.co.jp,Female,14.85.124.185,5048377933125721
635,Hilary,Mugridge,hmugridgehm@wiley.com,Male,184.193.124.48,4017958490914
636,Tiff,Balaisot,tbalaisothn@moonfruit.com,Female,83.221.160.207,4041592121727
637,Cristina,Fellos,cfellosho@hostgator.com,Female,252.55.75.250,374288770997830
638,Kele,Baldacchi,kbaldacchihp@blog.com,Male,229.77.147.253,5228303493173697
639,Ardelis,Galliver,agalliverhq@economist.com,Female,143.214.175.20,5048370678853037
640,Shepperd,Gile,sgilehr@elegantthemes.com,Male,231.204.82.54,5197919174027048
641,Susanna,Normadell,snormadellhs@techcrunch.com,Female,224.161.18.237,4041379465438
642,Walden,Pashby,wpashbyht@ucoz.ru,Male,170.135.189.213,374283888922986
643,Andromache,Kirsz,akirszhu@cdc.gov,Female,16.250.169.18,5002359797557128
644,Graehme,Chatainier,gchatainierhv@mapquest.com,Male,4.129.201.46,5287438540896649
645,Virgie,Paulson,vpaulsonhw@bloglovin.com,Female,138.201.234.130,5479613731134889
646,Graig,Simka,gsimkahx@umich.edu,Male,62.192.160.10,374283388172827
647,Christy,Whettleton,cwhettletonhy@indiatimes.com,Male,229.103.207.212,5002352741303152
648,Gisella,Denisovich,gdenisovichhz@tinyurl.com,Genderfluid,7.1.212.128,5100140075370496
649,Gilda,Branche,gbranchei0@msu.edu,Female,181.170.235.208,337941339283904
650,Marius,Caldera,mcalderai1@google.co.uk,Male,194.187.118.127,372301613836438
651,Rhona,Epsley,repsleyi2@fda.gov,Female,20.221.201.134,5100134725900216
652,Eliza,Higgan,ehiggani3@yandex.ru,Female,116.87.245.255,5108758959649297
653,Cthrine,Haughin,chaughini4@plala.or.jp,Female,1.130.222.209,372301341865774
654,Stanton,Killigrew,skilligrewi5@ocn.ne.jp,Male,203.231.84.11,5007667698802103
655,Lori,Loreit,lloreiti6@g.co,Female,103.32.228.204,4041374017583859
656,Cyndie,Sapson,csapsoni7@oracle.com,Female,61.164.70.107,5511150550025799
657,Kanya,Belchamp,kbelchampi8@wufoo.com,Female,107.136.119.242,374283340892470
658,Ingar,Klimowski,iklimowskii9@columbia.edu,Male,213.225.36.67,4418300384088
659,Dulcie,Dunseith,ddunseithia@irs.gov,Female,139.118.46.148,4824576711732
660,Munroe,Farnworth,mfarnworthib@soup.io,Male,134.230.160.180,374622510649998
661,Jervis,Strut,jstrutic@goo.gl,Male,84.115.158.119,372301425200583
662,Hilliard,Golby,hgolbyid@netscape.com,Male,170.35.70.104,5432680971028531
663,Dewitt,Nucci,dnucciie@google.com,Male,184.148.123.62,4041379382823
664,Maia,Shenton,mshentonif@ibm.com,Female,7.72.188.101,337941545271644
665,Tamar,Warboy,twarboyig@blogtalkradio.com,Female,87.67.237.42,340139250245235
666,Alexandro,Bergstram,abergstramih@nps.gov,Male,159.71.64.115,374288454727859
667,Hedvige,Tuffin,htuffinii@gizmodo.com,Female,88.195.49.53,5100138369855818
668,Dalis,Camamill,dcamamillij@flickr.com,Male,214.26.229.101,5128419873066698
669,Juli,Chilcott,jchilcottik@seattletimes.com,Female,62.38.166.251,337941245413009
670,Enrica,Bromige,ebromigeil@yellowpages.com,Female,148.128.195.116,5100134784413861
671,Floyd,Hutson,fhutsonim@ifeng.com,Male,172.142.247.29,5100143832640631
672,Cinderella,Hickenbottom,chickenbottomin@amazonaws.com,Genderfluid,85.152.243.165,349832066064029
673,Hilary,Dannell,hdannellio@alibaba.com,Genderfluid,170.3.242.126,4041596105407886
674,Tybi,Rodman,trodmanip@google.fr,Female,45.222.2.57,5002350125261244
675,Barnabas,Croneen,bcroneeniq@un.org,Male,133.238.70.31,4041375752367861
676,Dougy,Shiel,dshielir@baidu.com,Male,247.137.145.38,5504574919282297
677,Panchito,Warden,pwardenis@nsw.gov.au,Male,141.188.100.209,5010122171466021
678,Tova,Philipard,tphilipardit@barnesandnoble.com,Female,245.139.219.94,340400950070632
679,Marcella,Del Checolo,mdelchecoloiu@soup.io,Female,194.129.41.59,374288616481296
680,Tatiania,Chatainier,tchatainieriv@uol.com.br,Female,150.118.95.222,5100145147779020
681,Lucinda,Crackett,lcrackettiw@wsj.com,Female,192.5.220.229,5100177801250147
682,Babbette,MacCracken,bmaccrackenix@aboutads.info,Female,186.135.103.122,5129677910720739
683,Monroe,Schoenfisch,mschoenfischiy@csmonitor.com,Male,74.203.65.145,5108752472746045
684,Francoise,Dasent,fdasentiz@businessweek.com,Female,103.172.191.64,4041598944874
685,Kore,Werrett,kwerrettj0@lulu.com,Female,221.8.24.92,374283223591983
686,Obie,Minogue,ominoguej1@tmall.com,Male,41.103.92.229,4017953964244
687,Andrea,Lumby,alumbyj2@rambler.ru,Female,241.100.241.92,374283395144405
688,Arnuad,Keemar,akeemarj3@blogtalkradio.com,Male,189.113.141.55,5100139850265574
689,Cary,Corbould,ccorbouldj4@dell.com,Female,255.39.36.158,5010123642760562
690,Judd,Blackwood,jblackwoodj5@flavors.me,Agender,153.161.169.180,4041377068192
691,Gertrude,Rubenov,grubenovj6@xrea.com,Female,66.27.68.103,4041596505156950
692,Latrina,Cowtherd,lcowtherdj7@usnews.com,Female,247.225.29.154,4349531535462903
693,Kris,Medforth,kmedforthj8@aol.com,Female,92.250.61.172,5334110982299052
694,Christal,Buzza,cbuzzaj9@amazon.co.uk,Agender,65.253.43.193,5007663087326739
695,Lorin,Meran,lmeranja@earthlink.net,Male,51.63.214.249,5002351363806849
696,Lovell,Georgins,lgeorginsjb@bigcartel.com,Male,123.85.40.48,4895656071215627
697,Editha,Scogin,escoginjc@squarespace.com,Agender,94.154.73.248,337941368737119
698,Ronald,Skeermer,rskeermerjd@netlog.com,Male,48.205.87.103,349545778505267
699,Marya,Oakshott,moakshottje@deviantart.com,Female,93.109.130.117,5108753796304339
700,Schuyler,McGuinness,smcguinnessjf@webeden.co.uk,Male,93.60.133.237,4017959966699555
701,Alford,Ladon,aladonjg@dailymail.co.uk,Male,170.251.85.26,374288172325564
702,Jessamine,Haysman,jhaysmanjh@amazon.com,Female,229.111.50.147,4041378005104453
703,Val,Whittington,vwhittingtonji@kickstarter.com,Male,83.223.219.97,4017958850128903
704,Morton,Gentle,mgentlejj@geocities.jp,Male,194.212.11.137,5123416428518863
705,Lula,Pendrill,lpendrilljk@npr.org,Female,88.189.229.217,5252168258922698
706,Pearl,MacAiline,pmacailinejl@ihg.com,Female,33.69.122.89,4041374445237
707,Willy,Soutar,wsoutarjm@telegraph.co.uk,Female,237.112.235.104,5007665173324783
708,Marion,O'Luney,moluneyjn@chicagotribune.com,Male,189.54.74.182,341886534044243
709,Hank,Tivers,htiversjo@soup.io,Male,107.39.92.250,5010120593336178
710,Barret,Pirdue,bpirduejp@ovh.net,Male,98.199.2.125,4017956227946
711,Delmor,Van Castele,dvancastelejq@blog.com,Male,20.62.77.43,4041594524738
712,Verne,Atwell,vatwelljr@hatena.ne.jp,Male,62.61.212.88,4017953053484427
713,Alejoa,Beeck,abeeckjs@shinystat.com,Male,87.157.233.67,4041599831997
714,Mal,Bacup,mbacupjt@boston.com,Male,133.215.9.229,337941951978724
715,Cam,Capes,ccapesju@i2i.jp,Bigender,173.251.92.80,341947175953413
716,Tulley,Chung,tchungjv@telegraph.co.uk,Male,188.113.221.79,337941727845769
717,Candi,Jurasz,cjuraszjw@loc.gov,Polygender,197.248.125.96,374283177946274
718,Maxi,Cearley,mcearleyjx@newsvine.com,Female,42.67.39.156,4143539444426
719,Hildagard,Coils,hcoilsjy@360.cn,Female,169.14.81.143,5100947726121213
720,Mitch,Minot,mminotjz@nbcnews.com,Male,85.178.8.117,5377327313806375
721,Astrid,McLeman,amclemank0@squarespace.com,Female,124.34.32.96,337941581188983
722,Amalle,Nyssen,anyssenk1@elpais.com,Female,23.29.43.246,337941722922316
723,Vita,Gresch,vgreschk2@about.com,Female,70.102.178.236,5100178341275982
724,Lilla,Oliva,lolivak3@google.cn,Female,215.95.64.92,349723227310478
725,Jacob,Storrock,jstorrockk4@ftc.gov,Male,71.64.169.145,5048372588341822
726,Lev,Beedie,lbeediek5@wix.com,Male,176.248.170.99,344449976996292
727,Buck,Zellick,bzellickk6@jiathis.com,Male,233.222.234.231,4017955129375406
728,Hyacinth,Pickavance,hpickavancek7@tamu.edu,Female,51.44.75.242,373212288937568
729,Daron,Duding,ddudingk8@vk.com,Female,69.142.201.88,374283527474456
730,Donny,Sans,dsansk9@netscape.com,Male,132.204.229.82,4017959877762161
731,Zena,Giottoi,zgiottoika@privacy.gov.au,Female,17.35.121.200,4217503201143
732,Josefa,Jurkowski,jjurkowskikb@delicious.com,Female,157.51.134.51,5108751686773373
733,Charla,de Wilde,cdewildekc@prlog.org,Female,60.28.83.147,5100173149684428
734,Karry,Ciementini,kciementinikd@forbes.com,Female,98.81.127.182,4800611177548292
735,Joann,Dilley,jdilleyke@webs.com,Female,194.46.126.3,5178637906764919
736,Mohandas,Colchett,mcolchettkf@mozilla.com,Male,10.186.197.229,376774536301357
737,Carolyne,Jobke,cjobkekg@goo.ne.jp,Female,144.214.234.71,5048377077727449
738,Claudie,Bariball,cbariballkh@cam.ac.uk,Female,95.199.160.20,4041378649582130
739,Erinna,Brauner,ebraunerki@studiopress.com,Female,226.105.65.73,5339716980275970
740,Jinny,Gillise,jgillisekj@topsy.com,Female,87.0.34.197,4041594320149763
741,Calypso,Spandley,cspandleykk@zdnet.com,Genderfluid,71.152.3.127,5010120217651473
742,Kendal,Itzkowicz,kitzkowiczkl@ucla.edu,Genderfluid,154.245.188.129,5002359401526915
743,Athene,Austins,aaustinskm@usa.gov,Female,165.250.35.53,4712168417158
744,Gelya,Snawden,gsnawdenkn@census.gov,Female,10.68.237.186,4017956235949
745,Riobard,Leagas,rleagasko@canalblog.com,Male,28.164.195.27,4107561711952
746,Dean,MacCardle,dmaccardlekp@youtube.com,Male,147.132.125.135,4017952080872745
747,Brennen,Huc,bhuckq@aol.com,Male,124.72.116.36,4017956787022
748,Eleonore,Matthew,ematthewkr@skyrock.com,Female,247.138.149.50,347681397009977
749,Alberto,Kett,akettks@clickbank.net,Male,205.177.65.34,4266790601432
750,Danit,Sweetzer,dsweetzerkt@scientificamerican.com,Female,119.18.143.99,4041597464403
751,Tore,Forst,tforstku@ning.com,Agender,39.192.97.76,345883984065782
752,Goraud,Linn,glinnkv@weebly.com,Male,217.83.8.19,5007665137617090
753,Zed,Filipowicz,zfilipowiczkw@soup.io,Male,57.252.68.93,5002357086060994
754,Dianna,Fawssett,dfawssettkx@dropbox.com,Female,212.132.179.55,5202355380805807
755,Silvain,Enderson,sendersonky@bloomberg.com,Male,125.175.235.37,5552847301928086
756,Gipsy,Vasovic,gvasovickz@imgur.com,Female,100.125.5.238,5007661102285245
757,Susanne,Skipper,sskipperl0@cnet.com,Female,141.164.153.69,374288454183079
758,Colman,Calf,ccalfl1@yale.edu,Male,119.156.102.9,344598203736135
759,Aldin,Paolini,apaolinil2@livejournal.com,Male,134.24.206.5,4017950231863225
760,Max,Ralph,mralphl3@statcounter.com,Female,52.49.28.238,5002359824442435
761,Wilmette,Jorat,wjoratl4@bluehost.com,Female,210.32.63.47,4017950848630
762,Kylynn,Barnhill,kbarnhilll5@list-manage.com,Female,93.252.176.135,337941685673799
763,Hallsy,Jenteau,hjenteaul6@nyu.edu,Male,106.123.45.133,4041371141243
764,Ofilia,Huikerby,ohuikerbyl7@pbs.org,Female,190.27.179.226,4017954624078078
765,Osbert,Blodget,oblodgetl8@wufoo.com,Male,35.149.57.245,5010122552388661
766,Janessa,Triggle,jtrigglel9@stumbleupon.com,Female,250.138.217.205,374622324632065
767,Lorrayne,Cordsen,lcordsenla@illinois.edu,Female,18.111.27.173,377312063418697
768,Blondelle,Heaviside,bheavisidelb@cbsnews.com,Female,172.152.94.244,344626676319525
769,Paquito,Keppin,pkeppinlc@yellowbook.com,Male,106.138.29.143,4041376217206371
770,Gerhard,Ennion,gennionld@hugedomains.com,Male,9.62.7.128,5002353013752910
771,Ros,Posselow,rposselowle@arstechnica.com,Female,74.152.230.236,5386386696026976
772,Clem,Slay,cslaylf@japanpost.jp,Male,53.180.36.214,373440966563329
773,Thaddeus,Sitwell,tsitwelllg@google.com,Male,86.98.128.56,4041595543970422
774,Beltran,Bastistini,bbastistinilh@springer.com,Male,111.38.208.162,4041594202681
775,Stanfield,Heamus,sheamusli@ovh.net,Non-binary,247.217.118.47,5359964456892853
776,Tobey,Tottie,ttottielj@discovery.com,Female,114.55.53.245,4775694285100
777,Regan,Heineking,rheinekinglk@chicagotribune.com,Male,241.46.64.57,4094253568637
778,Udall,Emberton,uembertonll@sohu.com,Male,189.69.3.79,4041593039316796
779,Alfi,Izaac,aizaaclm@naver.com,Bigender,29.223.174.188,4432296054308
780,Marnia,Syratt,msyrattln@godaddy.com,Female,67.108.5.62,4041595111260404
781,Clerc,Stoddart,cstoddartlo@amazon.de,Male,250.7.76.96,343157718631199
782,Ly,Carvill,lcarvilllp@fc2.com,Male,161.107.38.203,343794720416977
783,Geoffrey,Leyfield,gleyfieldlq@marketwatch.com,Male,40.61.224.79,5342067078869067
784,Odele,Jone,ojonelr@guardian.co.uk,Female,122.146.160.131,347378458765205
785,Maxie,Ratchford,mratchfordls@icio.us,Female,155.199.118.170,372301616879930
786,Tess,M'Chirrie,tmchirrielt@dedecms.com,Female,190.98.182.191,4041594518430876
787,Andrej,Vickerman,avickermanlu@upenn.edu,Male,245.160.69.116,5048375142693034
788,Averil,Over,aoverlv@naver.com,Male,134.136.165.103,4041591734194864
789,Alexandr,Peachman,apeachmanlw@storify.com,Male,32.212.246.236,4017959942269
790,Blinny,Loeber,bloeberlx@about.com,Female,232.54.187.184,337941781835607
791,Chester,Le Strange,clestrangely@npr.org,Male,71.199.107.19,337941865737679
792,Janifer,Whillock,jwhillocklz@booking.com,Female,243.186.41.210,4041376621144556
793,Cassy,Elcock,celcockm0@si.edu,Female,217.31.236.37,5100145481659978
794,Mable,Niess,mniessm1@rediff.com,Female,171.102.109.229,374622407180040
795,Windy,Hellings,whellingsm2@cbslocal.com,Female,124.191.172.231,4041379513087818
796,Vincenty,Edscer,vedscerm3@google.es,Male,39.202.69.150,4303510156221
797,Wain,Yellowlee,wyellowleem4@msn.com,Male,172.48.169.126,372301150287441
798,Miguelita,Damp,mdampm5@ebay.com,Female,218.59.155.140,5521565322718223
799,Dave,Ughini,dughinim6@nytimes.com,Male,60.109.223.206,4041598860385
800,Tasha,McConville,tmcconvillem7@yellowpages.com,Female,173.147.181.45,4401048955773425
801,Gerti,Abbiss,gabbissm8@businesswire.com,Polygender,213.216.126.209,5108759109607987
802,Mala,Kaesmans,mkaesmansm9@nifty.com,Female,97.121.231.167,5367783113826876
803,Darsie,Di Baudi,ddibaudima@nsw.gov.au,Female,171.102.250.185,5295585268933580
804,Derek,Ferraraccio,dferraracciomb@jugem.jp,Male,72.196.5.150,4776730299863403
805,Danit,Batalini,dbatalinimc@who.int,Bigender,88.208.100.247,4574741619373
806,Lynnell,Pinard,lpinardmd@hud.gov,Female,227.203.224.25,342127218802211
807,Rowen,Batteson,rbattesonme@scribd.com,Male,138.21.180.15,4798882264679
808,Andie,Minter,amintermf@usatoday.com,Male,153.191.83.138,4017950091066
809,Lucinda,Valencia,lvalenciamg@businesswire.com,Female,219.2.252.13,4329698027314
810,Duke,Lockey,dlockeymh@thetimes.co.uk,Male,7.202.182.129,4041375914058
811,Bernardine,Acreman,bacremanmi@cnn.com,Non-binary,50.168.169.88,346956748808736
812,Ansley,Parbrook,aparbrookmj@slate.com,Female,247.163.138.161,4041596687568337
813,Brinna,McKirdy,bmckirdymk@ezinearticles.com,Female,40.247.37.160,337941331774108
814,Lou,Desantis,ldesantisml@imdb.com,Female,183.95.3.43,340399218971682
815,Corinna,Boxall,cboxallmm@ed.gov,Female,206.7.236.57,343997771648188
816,Eldredge,Bugdall,ebugdallmn@mapy.cz,Male,5.167.43.71,5108755264421834
817,Deedee,Burles,dburlesmo@cam.ac.uk,Female,226.132.245.195,374622591212831
818,Odetta,Dunbleton,odunbletonmp@themeforest.net,Female,249.84.229.208,5048371458720859
819,Sena,Duiged,sduigedmq@aboutads.info,Female,86.112.88.228,378588664715545
820,Audra,Jacquemot,ajacquemotmr@nhs.uk,Female,226.94.233.229,374622046995501
821,Winona,Mabb,wmabbms@photobucket.com,Female,182.179.224.84,5100146043719953
822,Alfie,Linggard,alinggardmt@stanford.edu,Female,16.124.170.129,4041592036141900
823,Kendra,Battaille,kbattaillemu@house.gov,Female,78.62.190.161,5048371978332474
824,Cassandry,Iredell,ciredellmv@naver.com,Female,18.129.1.239,5010127787267606
825,Kathleen,Carlett,kcarlettmw@marriott.com,Female,103.135.138.97,5267766503254289
826,Luisa,Newhouse,lnewhousemx@hugedomains.com,Non-binary,92.153.223.209,4017950527950199
827,Gwyneth,Pepis,gpepismy@wordpress.com,Female,121.36.181.63,5010124782112234
828,Marnie,O'Lunny,molunnymz@hexun.com,Female,8.131.38.236,337941141698109
829,Katherina,Tellett,ktellettn0@about.me,Female,118.155.89.163,337941936836534
830,Tammara,Faulconbridge,tfaulconbridgen1@unicef.org,Female,37.37.141.109,5281968844520889
831,Rickey,Abdie,rabdien2@sun.com,Non-binary,52.96.170.14,4041590209057275
832,Davidson,Dulany,ddulanyn3@mediafire.com,Male,84.190.53.209,4017952597120505
833,Greggory,Sellick,gsellickn4@macromedia.com,Male,119.118.193.224,5526354715591264
834,Jolene,Boobyer,jboobyern5@over-blog.com,Female,6.48.127.68,372301404812663
835,Adelina,Madner,amadnern6@squarespace.com,Female,88.236.232.130,5048371771085907
836,Delcine,Pumphrey,dpumphreyn7@dagondesign.com,Female,156.123.120.44,5048372468203746
837,Kelley,Miall,kmialln8@toplist.cz,Female,202.99.73.150,5010128378960278
838,Abraham,Willder,awilldern9@amazonaws.com,Male,123.46.21.163,337941438074774
839,Carver,Hughs,chughsna@dedecms.com,Male,119.66.80.81,341959091851753
840,Rozella,Lashford,rlashfordnb@google.com,Female,17.80.30.156,4017957088248665
841,Kearney,Cankett,kcankettnc@123-reg.co.uk,Male,74.91.125.202,5502461507969455
842,Coretta,Pietranek,cpietraneknd@addthis.com,Polygender,85.178.251.216,4405762167010
843,Shepperd,Reggler,sregglerne@latimes.com,Male,11.235.244.100,4041371266805413
844,Gayler,Whiles,gwhilesnf@youtu.be,Male,217.52.212.179,5221088841593392
845,Collete,Eastop,ceastopng@marriott.com,Female,13.19.88.178,374622722832713
846,Rey,Domenici,rdomenicinh@a8.net,Female,28.147.226.36,374288269395835
847,Auguste,Arney,aarneyni@youtu.be,Female,56.150.109.189,4017958010633842
848,Saundra,Apple,sapplenj@wikimedia.org,Male,203.102.147.115,374622270769697
849,Laird,Lidgley,llidgleynk@weebly.com,Agender,157.101.193.113,5007669562861348
850,Boris,Piggens,bpiggensnl@noaa.gov,Genderqueer,139.144.227.33,374329240120247
851,Helene,Shellibeer,hshellibeernm@ed.gov,Female,27.169.144.114,5100149454882161
852,Maynard,Leamy,mleamynn@sphinn.com,Male,211.233.63.239,372298874019458
853,Ignatius,Beadell,ibeadellno@engadget.com,Male,167.9.232.149,374283930251160
854,Thorpe,Geffcock,tgeffcocknp@hibu.com,Male,178.100.209.227,4041598890481
855,Gothart,Chark,gcharknq@ftc.gov,Male,26.80.75.182,4041592394969
856,Blanche,Shearstone,bshearstonenr@bbc.co.uk,Genderqueer,174.146.203.45,374622395790941
857,Kora,Ventura,kventurans@cornell.edu,Female,160.254.180.100,374288665216015
858,Trevar,Geikie,tgeikient@symantec.com,Male,181.25.93.215,374283485226369
859,Lulita,Yezafovich,lyezafovichnu@plala.or.jp,Genderfluid,82.243.92.130,4017955123138
860,Dar,Corringham,dcorringhamnv@npr.org,Male,171.196.215.210,374622748420501
861,Morgen,Dower,mdowernw@state.gov,Female,26.14.7.132,4550721961183
862,Elinor,Maberley,emaberleynx@state.gov,Female,1.241.103.195,4041375812427176
863,Ermengarde,Somers,esomersny@google.com.hk,Female,217.133.193.191,4041596618660
864,Nels,Caldecot,ncaldecotnz@dedecms.com,Male,249.162.25.204,346210387159773
865,Emlyn,Sappson,esappsono0@cisco.com,Non-binary,141.43.218.65,4041599365400
866,Evelin,Oppy,eoppyo1@amazon.co.uk,Male,224.96.16.92,4041590745584
867,Carlota,Risby,crisbyo2@cnet.com,Female,52.38.244.171,337941987920708
868,Eada,Sinclaire,esinclaireo3@ft.com,Female,157.113.222.7,5297657325501771
869,Alan,Shoard,ashoardo4@list-manage.com,Male,208.156.110.156,4017950059958784
870,Bibbye,Tunkin,btunkino5@netscape.com,Female,136.220.245.227,4041373778125
871,Wald,Cuseck,wcusecko6@sogou.com,Male,98.33.34.27,4017959498590629
872,Sutherland,Boulstridge,sboulstridgeo7@aol.com,Male,109.150.100.18,4041377938436
873,Winifield,Rodd,wroddo8@opera.com,Bigender,59.54.144.143,5100146177139978
874,Janessa,Lamar,jlamaro9@about.com,Bigender,165.20.158.161,374283988312450
875,Montgomery,Sidebotton,msidebottonoa@chicagotribune.com,Male,213.69.103.72,5100174855823374
876,Lira,Harman,lharmanob@1und1.de,Female,20.214.32.43,374288806893276
877,Merry,MacRierie,mmacrierieoc@rediff.com,Male,26.103.15.120,4017952865087
878,Lara,Cosgrive,lcosgriveod@telegraph.co.uk,Female,239.70.185.141,374288499937414
879,Loleta,Caser,lcaseroe@epa.gov,Female,92.78.91.69,4017951413863
880,Agnella,Cortes,acortesof@google.cn,Female,185.75.95.138,5305008439825922
881,Waiter,Primrose,wprimroseog@pagesperso-orange.fr,Male,151.165.137.194,4819746932191282
882,Stace,Beeken,sbeekenoh@macromedia.com,Female,102.53.22.127,5149886000759970
883,Joya,Aberdeen,jaberdeenoi@lycos.com,Female,251.235.61.245,5174675262457342
884,Sandy,Middlehurst,smiddlehurstoj@guardian.co.uk,Male,91.134.226.129,337941370380577
885,Massimo,Volette,mvoletteok@princeton.edu,Male,53.101.201.131,349568025015963
886,Brannon,Taks,btaksol@businessinsider.com,Male,3.39.136.81,374288103453451
887,Ileana,Arnaudon,iarnaudonom@shareasale.com,Female,164.207.153.163,349887507233476
888,Carey,Kitt,ckitton@paginegialle.it,Female,20.79.16.213,4041377444229
889,Templeton,Spackman,tspackmanoo@walmart.com,Male,242.115.99.241,5148255811669920
890,Tomkin,Labon,tlabonop@google.co.uk,Male,114.169.204.130,371905713986413
891,Joell,Spurden,jspurdenoq@nydailynews.com,Female,137.41.12.112,374288686710939
892,Gretel,Abbatini,gabbatinior@simplemachines.org,Female,37.212.152.131,5226734972230073
893,Aurthur,Yitzhok,ayitzhokos@netscape.com,Male,242.47.36.18,5002350020443483
894,Magnum,Jewkes,mjewkesot@naver.com,Male,79.19.201.45,5007661785892374
895,Jaclyn,Sallinger,jsallingerou@earthlink.net,Female,219.235.187.194,5100176574610198
896,Clovis,Mackley,cmackleyov@economist.com,Female,11.23.28.48,372301189252952
897,Tad,Cloughton,tcloughtonow@toplist.cz,Male,94.199.89.177,374288555934321
898,Ciel,O'Brollachain,cobrollachainox@google.pl,Female,222.135.39.6,5199382799266509
899,Myra,Tatchell,mtatchelloy@scientificamerican.com,Female,128.54.116.128,5010127187056013
900,Ursola,Arpur,uarpuroz@prnewswire.com,Female,41.222.218.55,4041371360576969
901,Percival,Tiner,ptinerp0@twitter.com,Male,227.26.36.159,5372919072167943
902,Edik,Illidge,eillidgep1@blog.com,Male,165.227.153.25,5100130453974779
903,Lorry,Stening,lsteningp2@uol.com.br,Polygender,38.177.100.249,5002352735639983
904,Elberta,Busse,ebussep3@github.com,Female,199.254.173.39,5482860697428384
905,Shirley,Stephens,sstephensp4@walmart.com,Female,111.112.188.208,4041375510123853
906,Reider,Titmarsh,rtitmarshp5@sciencedirect.com,Male,103.177.214.41,5100175909247601
907,Domeniga,Orknay,dorknayp6@accuweather.com,Female,244.78.126.224,371770540020749
908,Fionna,Garbar,fgarbarp7@devhub.com,Female,109.245.203.132,4313280453071039
909,Dorthea,Templeton,dtempletonp8@mit.edu,Female,238.185.8.206,349320993456013
910,Letitia,Giacubbo,lgiacubbop9@g.co,Female,206.168.240.72,337941398406529
911,Linette,Sichardt,lsichardtpa@java.com,Female,249.243.36.70,374622938263224
912,Christine,Donlon,cdonlonpb@ucla.edu,Female,64.2.178.185,372301503367429
913,Dorthea,Slopier,dslopierpc@wunderground.com,Female,215.93.182.142,374283498537190
914,Beatrice,Dysart,bdysartpd@jigsy.com,Bigender,68.155.181.75,371766575274938
915,Yardley,Wartonby,ywartonbype@youku.com,Male,199.222.11.77,5100133159070124
916,Appolonia,Coomer,acoomerpf@google.com,Female,237.46.95.238,5509895075843407
917,Stavros,Vasentsov,svasentsovpg@topsy.com,Male,44.209.145.126,4017955607951454
918,Dewey,Yerson,dyersonph@newsvine.com,Male,161.92.187.188,374622154070857
919,Charmine,Aleksashin,caleksashinpi@tinypic.com,Female,71.211.202.14,374283140740648
920,Margeaux,Rolse,mrolsepj@home.pl,Female,154.79.46.7,374288390230646
921,Atalanta,Vise,avisepk@bizjournals.com,Female,172.30.0.125,343865790075891
922,Sara-ann,Balnave,sbalnavepl@adobe.com,Female,228.250.196.115,4041373825322
923,Katya,Spillane,kspillanepm@princeton.edu,Polygender,221.100.184.221,337941202696497
924,Thaxter,Pallent,tpallentpn@php.net,Male,129.39.114.212,342620486677448
925,Avie,Roselli,arosellipo@dagondesign.com,Female,94.78.155.227,5048378516459016
926,Nikolaos,Huton,nhutonpp@wordpress.com,Male,110.239.117.109,5108751918024660
927,Margot,Miguel,mmiguelpq@123-reg.co.uk,Female,79.47.51.166,4017953993684797
928,Shayla,Maudlen,smaudlenpr@tiny.cc,Female,201.217.18.184,4176723222533231
929,Kandy,McRavey,kmcraveyps@latimes.com,Female,155.72.248.56,5100143525486797
930,Berti,Thynn,bthynnpt@oakley.com,Male,118.117.157.177,4041370173999
931,Addy,Scamal,ascamalpu@soup.io,Polygender,231.53.106.214,4041594440877
932,Reiko,Garmston,rgarmstonpv@reference.com,Female,252.27.174.28,374288358543121
933,Gabbi,Leathwood,gleathwoodpw@bigcartel.com,Female,80.246.89.121,5351127206667433
934,Arley,Purser,apurserpx@globo.com,Male,97.7.7.89,4041596898239
935,Bran,Westman,bwestmanpy@eventbrite.com,Agender,114.226.240.243,5100135534069549
936,Guy,Kenningley,gkenningleypz@blogspot.com,Male,24.24.62.131,4041595689268235
937,Kip,Javes,kjavesq0@tinypic.com,Non-binary,153.177.120.255,374283601023997
938,Ulrika,Emery,uemeryq1@unc.edu,Female,238.145.10.24,4351754656307
939,Wood,Portwain,wportwainq2@dion.ne.jp,Male,33.157.246.45,5108751404673525
940,Shelley,McClenaghan,smcclenaghanq3@mtv.com,Male,78.140.194.33,4041598237922170
941,Jolie,Rihanek,jrihanekq4@cnn.com,Female,202.230.38.0,5108750263680043
942,Bud,McCreery,bmccreeryq5@google.it,Male,129.211.150.37,5010122872281042
943,Petronille,Maestro,pmaestroq6@storify.com,Female,184.128.215.215,371793554979972
944,Dave,Gwinnell,dgwinnellq7@gravatar.com,Genderqueer,65.25.93.19,348633803352508
945,Alidia,Challenger,achallengerq8@kickstarter.com,Female,24.98.252.166,5115161962735503
946,Evelyn,Paulillo,epaulilloq9@chronoengine.com,Female,205.114.76.99,374357204289559
947,Joycelin,Hovard,jhovardqa@nps.gov,Female,167.152.61.233,5431386992496530
948,Berkley,Haddleston,bhaddlestonqb@answers.com,Male,100.228.191.64,372444650076219
949,Hilarius,Courtes,hcourtesqc@drupal.org,Male,178.97.74.124,4041591950571
950,Kathe,Firebrace,kfirebraceqd@ycombinator.com,Female,207.236.162.1,4017954582292
951,Winslow,MacShirrie,wmacshirrieqe@photobucket.com,Male,199.64.13.152,5108757322251658
952,Lexis,Joannic,ljoannicqf@uol.com.br,Female,46.181.150.230,5010120783016101
953,Virgina,Fransman,vfransmanqg@surveymonkey.com,Female,212.41.217.187,4041598782431
954,Anitra,Clitherow,aclitherowqh@stanford.edu,Bigender,8.151.164.95,5048379791532303
955,Robbie,Winders,rwindersqi@delicious.com,Male,147.32.133.119,5100179168609535
956,Cal,Blaisdell,cblaisdellqj@statcounter.com,Female,160.102.181.18,5100170331972538
957,Toinette,Reimer,treimerqk@weather.com,Female,12.187.87.144,4041378192921867
958,Amii,Ranfield,aranfieldql@slashdot.org,Bigender,153.116.106.86,5431717443293342
959,Rockey,Willett,rwillettqm@dedecms.com,Male,30.14.3.13,4017951540209670
960,Harri,Bish,hbishqn@cpanel.net,Female,133.30.11.219,376773195229099
961,Noam,Willars,nwillarsqo@discuz.net,Male,66.72.4.222,374622747813631
962,Camille,Tyrrell,ctyrrellqp@last.fm,Female,57.246.166.227,374622496068635
963,Marlow,Greenalf,mgreenalfqq@about.me,Male,0.30.62.174,5108759742923130
964,Kathleen,Jonathon,kjonathonqr@ezinearticles.com,Female,173.70.36.178,5010126832794465
965,Arlinda,Thursby,athursbyqs@huffingtonpost.com,Genderqueer,244.188.140.15,4041376392957
966,Sanford,Dabel,sdabelqt@hugedomains.com,Male,160.109.59.209,4017950415307247
967,Grantley,Haffard,ghaffardqu@mozilla.com,Male,94.51.175.48,340815395203581
968,Viki,Babalola,vbabalolaqv@google.com.au,Non-binary,120.47.191.71,5048378072610747
969,Rory,McMenamy,rmcmenamyqw@linkedin.com,Polygender,254.216.135.116,5246829368571522
970,Karissa,Janecek,kjanecekqx@blogspot.com,Agender,1.160.81.36,378805551618453
971,Storm,Ibbeson,sibbesonqy@homestead.com,Non-binary,113.44.250.18,5221844416613498
972,Mellie,Vellden,mvelldenqz@marketwatch.com,Female,162.136.187.137,337941562872274
973,Gladi,Mapledoore,gmapledoorer0@miibeian.gov.cn,Female,40.166.244.5,5260364987392473
974,Dawna,Coleby,dcolebyr1@squidoo.com,Female,197.241.229.110,4041376367915284
975,Bradney,Duchart,bduchartr2@nba.com,Genderqueer,103.159.44.171,4041374704419
976,Peggie,Carrabot,pcarrabotr3@google.fr,Female,65.58.10.115,4041599390077
977,Pauli,Goulding,pgouldingr4@is.gd,Female,39.17.157.155,372301501234753
978,Bennie,Alf,balfr5@cnn.com,Male,215.151.244.72,4041590119061
979,Cecil,Overton,covertonr6@nba.com,Female,68.53.201.236,4017954080091763
980,Willdon,Erwin,werwinr7@ameblo.jp,Male,118.30.154.213,4041379690910279
981,Tabina,Somers,tsomersr8@europa.eu,Female,0.135.220.55,5100142123631275
982,Vladimir,Kirkhouse,vkirkhouser9@google.com,Bigender,169.156.204.117,5108754635385547
983,Serene,Higgen,shiggenra@phoca.cz,Polygender,6.245.132.243,5105833057914951
984,Oswald,Pipkin,opipkinrb@woothemes.com,Non-binary,68.34.68.133,374288706346474
985,Clementina,Wikey,cwikeyrc@sciencedirect.com,Female,79.123.7.38,4017958993616749
986,Skylar,Purkins,spurkinsrd@telegraph.co.uk,Male,222.144.165.55,5439771695097556
987,Carney,Attfield,cattfieldre@answers.com,Male,200.63.197.52,337941633725725
988,Pam,Yansons,pyansonsrf@prlog.org,Female,126.122.208.59,5048378120099216
989,Tiffi,Keable,tkeablerg@time.com,Female,59.35.63.219,5430460886362511
990,Saw,Dy,sdyrh@flickr.com,Male,150.220.199.238,5100170060610523
991,Maison,Wapple,mwappleri@biblegateway.com,Male,153.70.17.110,4017954751426
992,Merrill,Smeal,msmealrj@is.gd,Polygender,198.212.176.229,4041374254498175
993,Elke,Dench,edenchrk@usgs.gov,Female,89.43.192.4,375140863270931
994,Barnabas,Halls,bhallsrl@sciencedirect.com,Polygender,143.235.177.200,5100137849719339
995,Rowe,Nanson,rnansonrm@kickstarter.com,Agender,162.244.208.1,5048370989986468
996,Delcina,Latham,dlathamrn@behance.net,Female,185.75.188.63,374283060280690
997,Quincy,Braundt,qbraundtro@naver.com,Male,248.65.195.14,5100177250983669
998,Jonathon,Sketchley,jsketchleyrp@mayoclinic.com,Male,198.107.41.12,372301756086379
999,Lindsey,Battany,lbattanyrq@yahoo.co.jp,Male,30.167.131.55,372301298611288
1000,Ezra,Poleykett,epoleykettrr@lulu.com,Male,130.50.127.106,374288844522861